;page;id;type;short_title;original_title;year;place;;;;;
0;1624_sacrobosco_textus_1494_p44;1624;seven;Textus De Sphera Iohannis de Sacrobosco ;Textus De Sphera Iohannis de Sacrobosco Cum Additione (quantum necessarium est) adiecta: Nouo commentario nuper editio Ad utilitatem studentium philosophice Parisien. Academie: illustratus ;1494-01-01 00:00;Paris;;;;;
1;1830_fabri_sphaera_1500_p28.jpg;1830;seven;Textus de Sphera Johannis de Sacro bosco ;Textus de Sphera Johannis de Sacro bosco Cum additione (quantum necessarium est) adiecta: Novo commentario nuper edito Ad utilitatem studentium Philosophice Parisien. Academie illustratus Cum Compositione Anuli Astronomici Boni Latensis. Et Geometria Euclidis Megarensis ;1500-01-01 00:00;Paris;;;;;
2;1845_faber_opus_1501_p71.jpg;1845;seven;Opus sphericum Johannis de sacro busto ;Opus sphericum Johannis de sacro busto figuris et per utili commento illustratum ;1501-01-01 00:00;Cologne;;;;;
4;1949_tockler_textus_1503_p71;1949;seven;Textus Spere materialis Joannis de Sacrobusto ;Textus Spere materialis Joannis de Sacrobusto cum lectura Magistri Conradi Norici in florentissmo Lipsensi gymnasio: nuper exarata. Verba Thebit acutissimi Astronomi de imagine tocius mundi atque corporis sperici compositione: introducendis ipsis incrementum magnum prebentia: per eundem: addita ;1503-01-01 00:00;Leipzig;;;;;
7;1833_detaples_textus_1507_p48;1833;seven;Textus De Sphera Johannis de Sacrobosco ;Textus De Sphera Johannis de Sacrobosco Cum additione (quantum necessarium est) adiecta: Novo commentario nuper edito Ad vtilitatem studentium Philosophice Parisien. Academie illustratus Cum Compositione Anuli Astronomici Boni Latensis. Et Geometria Euclidis Megarensis ;1507-01-01 00:00;Paris;;;;;
8;1823_dailly_textus_1508_p147;1823;seven;Nota eorum quæ in hoc libro continentur ;Nota eorum quæ in hoc libro continentur. Oratio de laudibus astrologiae habita a Bartholomeo Vespucio florentino in almo Patavio Gymnasio anno.M.d.vi. TEXTUS SPHAERAE IOANNIS DE SACRO BUSTO. Expositio sphaerae Eximii artium & medicinae doctoris Domini Francisci Capuani de manfredonia. Annotationes nonnullae eiusdem Bartholomei Vespucii hic ide itersertae. Iacobi frabri stapulensis Commentarii in eandem sphaeram. Reverendissimi Domini Petri de aliaco Cardinalis & episcopi Cameracensis in eandem quaestiones subtilissimae numero xiiii. Reverendissimi episcopi Domini Roberti linconiensis sphaerae compendium. Disputationes Ioannis de regio monte contra cremonensia deliramenta. Theoricarum novarum textus cum expositione eiusdem Francisci Capuani omnia nuper diligentia summa emendata ;1508-01-01 00:00;Venice;;;;;
12;1829_lefevre_textus_1511_p43.jpg;1829;seven;Textus De Sphera Johannis de Sacrobosco ;Textus De Sphera Johannis de Sacrobosco, Cum additione (quantum necessarium est) adiecta: Novo commentario nuper edito, Ad utilitatem studentium Philosophice Parisien[sis] Academie illustratus, cum Compositione Anuli Astronomici Boni Latensis. Et Geometria Euclidis Megarensis ;1511-01-01 00:00;Paris;;;;;
13;1828_etaples_sphaera_1516_p46;1828;seven;Textus De Sphera Joannis de Sacrobosco ;Textus De Sphera Joannis de Sacrobosco. Cum additione (quantum necessarium est) adiecta: Novo commentario nuper edito. Ad utilitatem studentium Philosophice Parisiensis. Academie illustratus cum Compositione Anuli Astronomici Boneti Latensis. Et Geometria Euclidis Megarensis ;1516-01-01 00:00;Paris;;;;;
14;1929_regiomontanus_sphera_1518_p189;1929;seven;Sphera mundi ;Sphera mundi nouiter recognita cum commentarijs et authoribus in hoc volumine contentis videlicet. Cicchi Esculani cum textu / Joannis Baptiste Capuani / Jacobi Fabri Stapulensis / Theodosii de Spheris cum textu / Michaelis Scoti questiones / Petri de Aliaco Cardinalis Questiones / Roberti Linconiensis Compendium / Theodosij iterum de spheris cum textu / Tractatus de Sphera solida / Theorice planetarum conclusiones cum expositione / Campani Tractatus de Sphera / Eiusdem tractatus de computo maiori / Joannis de monte regio in cremonensem disputatio / Theorice Textus cum Joannis Baptiste Capuani expone / Ptolemeus de Speculis / Theorica Planetarum Joannis Cremonensis: plurimum faciens ad disputationem ioannis de monte regio: quam in alijs hactenus impressis non reperies ;1518-01-01 00:00;Venice;;;;;
15;1659_sacrobosco_sphera_1518_p181;1659;seven;Sphera cum commentis in hoc volumine contentis. ;Sphera cum commentis in hoc volumine contentis. videlicet. Cichi Esculani cum textu / Expositio Joannis Baptiste Capuani in eandem / Jacobi Fabri Stapulensis / Theodosij de Speris / Michaelis Scoti / Quaestiones Reverendissimi domini Petri de Aliaco etc. / Roberti Linchontensis Compendium / Tractatus de Sphera solida / Tractatus de Sphera Campani / Tractatus de computo maiori eiusdem / Disputatio Joannis de monte regio / Textus Theorice cum expositione Joannis Baptiste Capuani / Ptolemeus de Speculis ;1518-01-01 00:00;Venice;;;;;
16;1664_sacrobosco_sphere_1519_p28.jpg;1664;seven;Mundialis Sphere opusculum Ioannis de sacro busco ;Mundialis Sphere opusculum Ioannis de sacro busco: nuper uigilantissime emendatum una cum figuris accommodatissimis: cumque marginariis annotaciunlis recenter adiectis: hic habes candide Lector ;1519-01-01 00:00;Paris;;;;;
17;1665_sacrobosco_sphere_1520_p55;1665;seven;Sphere mundi opusculum Ioannis de Sacro busto ;Sphere mundi opusculum Ioannis de sacro busto cum additamentis mathematicis figuris decentibus explicatis et ad eius lucidiorem interpretationem per Magistrum Ioannem Guyion astronomum commodissime prepositis ;1520-01-01 00:00;Avignon;;;;;
22;1870_lattes_textus_1521_p27;1870;seven;Textus de sphaera Ioannis de Sacrobosco ;Textus de sphaera Ioannis de Sacrobosco: introductoria additione (quantum necessarium est) commentarioque, ad utilitatem studentium philosophiae Parisiensis Academiae illustratus. Cum compositione Annuli astronomici Boneti Latensis: Et Geometria Euclidis Megarensis ;1521-01-01 00:00;Paris;;;;;
29;1667_sacrobosco_sphere_1524_p29;1667;seven;Mundialis Sphere opusculum Joannis de sacro busto ;Mundialis Sphere opusculum Joannis de sacro busto: nuper vigilantissime emendatum una cum figuris accomodatissimis: cumque marginarijs annotaciunculis Recenter adiectis hic habes candide: Lector ;1524-01-01 00:00;Paris;;;;;
30;1670_sacrobosco_sphere_1527_p25;1670;seven;Mundialis sphere opusculum Ioannis de sacro busto ;Mundialis sphere opusculum Ioannis de sacro busto/nuper vigilantissime emendatus/tum figuris/accommodatissimis/tum marginarijs annotatiunculis recenter adiectis/hic habes candide Lector ;1527-01-01 00:00;Paris;;;;;
31;1869_lattes_sphaera_1527_p49;1869;seven;Textus de sphaera Ioannis de Sacrobosco ;Textus de sphaera Ioannis de Sacrobosco: Introductoria additione (quantum necessarium est) commentarioque, ad utilitatem studentium philosophiae Parisiensis Academiae illustratus. Cum compositione Annuli astronomici Boneti Latensis: Et Geometria Euclidis Megarensis ;1527-01-01 00:00;Paris;;;;;
32;1832_detaples_textus_1531_p28;1832;seven;Textus de sphaera Ioannis de Sacrobosco ;Textus de sphaera Ioannis de Sacrobosco: introductoria additione (quantum necessarium est) commentarioque, ad utilitatem studentium Philosophiae Parisiensis Academiae illustratus. Cum compositione Annuli astronomici Boneti Latensis: Et Geometria Euclidis Megarensis ;1531-01-01 00:00;Paris;;;;;
33;1941_sabbioneta_tractatvs_1531_p118;1941;seven;Spherae tractatus Ioannis de Sacro Busto ;Spherae tractatus Ioannis de Sacro Busto Anglici viri clarissimi. Gerardi Cremonensis theoricae planetarum veteres. Georgii Purbachii theoricae planetarum novae. Prosdocimi de beldomando patavini super tractatu sphaerico commentaria, nuper in lucem diducta per. L. GA. nunque amplius impressa. Ioannis baptistae capuani sipontini expositio in sphaera & theoricis. Ioannis de monteregio disputationes contra theoricas gerardi. Michaelis scoti expositio brevis & quaestiones in sphaera. Iacobi fabri stapulensis paraphrases & annotationes. Campani compendium super tractatu de sphera. Eiusdem tractatulus de modo fabricandi spheram solidam. Petri cardin. de aliaco epi cameracensis. 14. Quaestiones. Roberti linconiensis epi tractatulus de sphaera. Bartholomei vesputii glossulae in plerisque locis sphaerae. Eiusdem oratio. De laudibus astrologiae. Lucae Gaurici castigationes & figurae toto opere diligentissime reformatae. Eiusdem quaestio Nunquid sub aequatore sit habitatio. Eiusdem Oratio de inventoribus & laudibus Astrologiae. Reverendissimo cardin. epo. D. Bernardo Tridentinor principi dicata. Alpetragii Arabi theorica planetarum nuperrime Latinis mandata literis a calo calonymos hebreo neapolitano, ubi nititur salvare apparentias in motibus Planetarum absque eccentricis & epicyclis;1531-01-01 00:00;Venice;;;;;
34;1679_sacrobosco_sphaera_1534_p28;1679;seven;Ioannis de Sacro Busto Sphaera Mundialis ;Ioannis de Sacro Busto Sphaera Mundialis, summa diligentia nuper correcta atque emendata. adiectis insuper figuris nonnullis, atque annotatiunculis marginibus adpositis ;1534-01-01 00:00;Paris;;;;;
35;1831_mercator_textus_1534_p52;1831;seven;Textus de sphaera Ioannis de Sacrobosco ;Textus de sphaera Ioannis de Sacrobosco: Introductoria additione (quantum necessarium est) commentarióque, ad utilitatem studentium Philosophiae Parisiensis Academiae illustratus. Cum compositione Annuli astronomici Boneti Latensis: Et Geometria Euclidis Megarensis ;1534-01-01 00:00;Paris;;;;;
36;1681_sacrobosco_sphaera_1538_p32;1681;seven;Ioannis de Sacro Bosco Sphaera mundialis ;Ioannis de Sacro Bosco Sphaera mundialis, summa diligentia nuper correcta atque emendata, adiectis insuper figuris nonnullis, atque annotatiunculis marginibus adpositis ;1538-01-01 00:00;Paris;;;;;
37;1843_euclid_textus_1538_p49;1843;seven;Textus de Sphaera Ioannis de Sacrobosco ;"Textus de Sphaera Ioannis de Sacrobosco: introductoria additione (quantum necessarium est) commentarioque; ad utilitatem studentium Philosophiae Parisiensis Academiae illustratus. Cum compositione Annuli astronomici Boneti Latensis: Et Geometria Euclidis Megarensis ";1538-01-01 00:00;Paris;;;;;
38;1688_sacrobosco_sphaera_1545_p100;1688;seven;Sphaera Ioannis de Sacrobosco ;Sphaera Ioannis de Sacrobosco typis auctior, quam antehac, atque ex diligenti manu scriptorum impressorumque codicum collatione castigatior, praemissa Philippi Melanchthonis doctiss. praefatione, qua utilitatem astrologicae scientiae, & Christiano homini non negligendam scite probat ;1545-01-01 00:00;Paris;;;;;
39;1802_sacrobosco_tractado_1545_p173;1802;seven;Sphera del mundo ;Sphera del mundo. Tractado de la sphera que compuso el doctor Ioannes de Sacrobusto con muchas adiciones, Agora nuevamente traduzido de Latin en lengua Castellana por el Bachiller Hieronymo de Chaves: el qual annidio muchas figuras tablas, y claras demonstrationes: junctamente con unos breves Scholios, necessarios á mayor illucidation, ornato y perfection del dicho tractado ;1545-01-01 00:00;Seville;;;;;
46;1892_farghani_sphaera_1549_p96;1892;seven;Sphaera Ioannis de Sacrobosco ;Sphaera Ioannis de Sacrobosco Typis auctior, quam antehac, atque ex diligenti manu scriptorum impressorumque codicum collatione castigator, Praemissa Philippus Melanchthon doctiss. praefatione, qua utilitatem astrologicae scientiae, et Christiano homini non negligendam scite probat ;1549-01-01 00:00;Paris;;;;;
47;1951_valeriano_sphaera_1550_p107;1951;seven;Sphaera Ioannis de Sacro Bosco ;"Sphaera Ioannis de Sacro Bosco, typis auctior, quam antehac, atq; ex diligeti manuscriptorum impressorumque codicum collatione castigator, cum annotationibus, quæ locis aliquot obscuris magnam lucem afferunt. Praemissa Philippi Melanchthonis doctiss. praefatione, qua utilitatem astrologicæ scientiæ, & Christiano homini non negligendam scitè probat. Adiunximus huic libro compendium in Sphæram, per Pierium Valerianum Bellunensem ";1550-01-01 00:00;Paris;;;;;
48;1890_melanchthon_typis_1550_p96;1890;seven;Sphaera Joannis de Sacrobosco ;Sphaera Joannis de Sacrobosco, typis auctior quam antehac, atque ex diligenti manu scriptorum impressorumque codicum collatione castigatior, Praemissa Philippi Melanchthonis doctiß. praefatione, qua utilitatem astrologicae scientiae, et Christiano homini non negligendam scite probat ;1550-01-01 00:00;Paris;;;;;
49;1952_vinet_sphaera_1551_p111;1952;seven;Sphaera Ioannis De Sacro Bosco ;Sphaera Ioannis de Sacro Bosco, typis auctior quam antehac, atque ex diligenti manuscriptorum impressorumque codicum collatione castigatior, cum annotationibus, & scholijs doctissimi viri Eliae Vineti, quae locis aliquot obscuris magnam lucem afferunt. Praemissa Philippi Melanchthonis doctissimi praefatione, qua utilitatem astrologicae scientiae, & Christiano homini non negligendam scite probat. Adiunximus huic libro compendium in Sphaeram, per Pierium Valerianum Bellunensem ;1551-01-01 00:00;Paris;;;;;
50;2077_Cortes_Arte_1551_p28.jpg;2077;seven;Breve compendio de la sphera y de la arte de navegar ;Breve compendio de la sphera y de la arte de navegar, con nuevos instrumentos y reglas, exemplificado con muy subtiles demonstraciones: compuesto por Martin Cortes natural de burjalaroz en el reyno de Aragon y de presente vezino de la ciudad de Cadiz: dirigido al invictissimo Monarcha Carlo Quinto Rey de las Hespañas etc. Señor Nuestro ;1551-01-01 00:00;Seville;;;;;
51;2170_peucer_elementa_1551_p327;2170;seven;Elementa doctrinae de circulis coelestibus, et primo motu ;Elementa doctrinae de circulis coelestibus, et primo motu. Autore Casparo Peucero ;1551-01-01 00:00;Wittenberg;;;;;
59;1902_vinet_sphaera_1552_p52;1902;seven;Sphaera Ioannis de Sacro Bosco ;"Sphaera Ioannis de Sacro Bosco, typis auctior quam antehac, atque; ex diligenti manuscriptorum impressorumque codicum collatione castigatior, cum annotationibus, & scholiis doctissimi viri Eliae Vineti, quae locis aliquot obscuris magnam lucem afferunt. Praemissa Philippi Melanchthonis doctissimi praefatione, qua utilitatem astrologicae scientiae & Christiano homini non negligendam scite probat. Adiunximus huic libro compendium in Sphaeram, per Pierium Valerianum Bellunensem ";1552-01-01 00:00;Paris;;;;;
60;2172_peucer_elementa_1554_p171;2172;seven;Elementa doctrinae de circulis coelestibus, et primo motu ;Elementa doctrinae de circulis coelestibus, et primo motu, recognita et correcta. Autore Casparo Peucero ;1554-01-01 00:00;Wittenberg;;;;;
61;1708_vinet_sphaera_1556_p85;1708;seven;Sphaera Ioannis de Sacro Bosco ;Sphaera Ioannis de Sacro Bosco emendata. Eliae Vineti Santonis scholia in eandem Sphaeram, ab ipso auctore restituta. Adiunximus huic libro compendium in Sphaeram, per Pierium Valerianum Bellunensem, Et, Petri Nonii Salaciensis demonstrationem eorum, quae in extremo capite de Climatibus Sacroboscius scribit, de inaequali Climatum latitudine, eodem Vineto interprete ;1556-01-01 00:00;Paris;;;;;
62;2280_cortes_breve_1556_p54;2280;seven;Breve compendio de la sphera y de la arte de navegar ;Breve compendio de la sphera y de la arte de navegar, con nueuos instrumentos y reglas, exemplificado con muy subtiles demonstraciones: compuesto por Martin Cortes natural de burjalaros en el reyno de Aragon y de presente vezino de la ciudad de Cadiz: dirigido al invictissimo Monarcha Carlo Quinto Rey de las Hespanas etc. Senor Nuestro ;1556-01-01 00:00;Seville;;;;;
63;1711_vinet_sphaera_1557_p84;1711;seven;Sphaera Ioannis de Sacro Bosco ;Sphaera Ioannis de Sacro Bosco emendata. Eliae Vineti Santonis scholia in eandem spheram, ab ipso auctore restituta. Adiunximus huic libro compendiumin sphaeram, per Pierium Valerianum Bellunensem, Et, Petri Nonii Salaciensis demonstrationem eorum, quae in extremo capite de Climatibus Sacroboscius scribit, de inaequali Climatum latitudine, eodem Vineto interprete ;1557-01-01 00:00;Paris;;;;;
64;1964_vinet_sphaera_1558_p82;1964;seven;Sphaera Ioannis de Sacro Bosco ;Sphaera Ioannis de Sacro Bosco emendata. Eliae Vineti Santonis scholia in eandem Sphaeram, ab ipso authore restituta. Adiunximus huic libro compendium in Sphaeram, per Pierium Valerianum Bellunensem, Et, Petri Nonii Salaciensis demonstrationem eorum, quae in extremo capite de Climatibus Sacroboscius scribit de inaequali Climatum latitudine, eodem Vineto interprete ;1558-01-01 00:00;Paris;;;;;
65;2168_peucer_elementa_1558_p280;2168;seven;Elementa doctrinae de circulis coelestibus, et primo motu ;Elementa doctrinae de circulis coelestibus, et primo motu, recognita et correcta, autore Casparo Peucero ;1558-01-01 00:00;Wittenberg;;;;;
66;2078_curtes_arte_1561_p28;2078;seven;The Arte of Navigation ;The Arte of Navigation, Conteynyng a compendious description of the Sphere, with the makyng of certen Instrumentes and Rules for Navigations: and exemplified by manye Demonstrations. Wrytten in the Spanyshe tongue by Martin Curtes, And directed to the Emperour Charles the fyfte. Translated out of Spanyshe into Englyshe by Richard Eden ;1561-01-01 00:00;London;;;;;
75;1955_Sphaera_Comp_Cavellat_1561_p92;1955;seven;Sphaera Ioannis de Sacro Bosco ;Sphaera Ioannis de Sacro Bosco, emendata. Eliae Vineti Santonis scholia in eandem Sphaeram, ab ipso authore restituta. Adiunximus huic libro compendium in Sphaeram, per Pierium Valerianum Bellunensem: Et Petri Nonii Salaciensis demonstrationem eorum, quae in extremo capite de climatibus Sacroboscius scribit de inaequali climatum latitudine: eodem Vineto interprete ;1561-01-01 00:00;Paris;;;;;
76;1969_vinet_sphaera_1562_p96;1969;seven;Sphaera Ioannis de Sacro Bosco ;Sphaera Ioannis de Sacro Bosco emendata. Eliae Vineti Santonis scholia in eandem sphaeram, ab ipso authore restituta. Adiunximus huic libro compendium in Sphaeram, per Pierium Valerianum Bellunensem, Et Petri Nonij Salaciensis demonstrationem eorum, quae in extremo capite de climatibus Sacroboscus scribit de inaequali climatum latitudine: eodem Vineto interprete ;1562-01-01 00:00;Paris;;;;;
77;2087_sacrobosco_sphaera_1562_p73;2087;seven;Sphaera Ioannis de Sacro Bosco ;Sphaera Ioannis de Sacro Bosco emendata. Eliae Vineti santonis scholia in eandem Sphaeram, ab ipso authore restituta. Adiunximus huic libro compendium in Sphaeram, per Pierium Valerianum Bellunensem: Et Petri Nonii Salaciensis demonstrationem eorum, quae in extremo capite de climatibus Sacroboscius scribit de inaequali climatum latitudine: eodem Vineto interprete. Ex postrema impressione Lutetiae ;1562-01-01 00:00;Venice;;;;;
78;1862_beyer_quaestiones_1563_p160;1862;seven;Quaestiones in libellum de sphaera Ioannis de Sacro Busto ;Quaestiones in libellum de sphaera Ioannis de Sacro Busto, in gratiam studiosae iuventutis olim in Acadaemia Vuitebergensi collectae, per Hartmannum Beyer, nunc emendatae & auctae ;1563-01-01 00:00;Frankfurt (Main);;;;;
88;2166_peucer_elementa_1563_p267.jpg;2166;seven;Elementa doctrinae de circulis coelestibus, & primo motu ;Elementa doctrinae de circulis coelestibus, & primo motu, recognita & correcta. Autore Casparo Peucero ;1563-01-01 00:00;Wittenberg;;;;;
89;2264_strigel_epitome_1564_p176;2264;seven;Epitome doctrinae de rimo motu ;Epitome doctrinae de rimo motu aliquot demonstrationibus illustrata. Edita a Victorino Strigelio ;1564-01-01 00:00;Leipzig;;;;;
90;1912_nunes_sphaera_1564_p121;1912;seven;Sphaera Ioannis de Sacro Bosco ;Sphaera Ioannis de Sacro Bosco emendata. Cum additionibus in margine, et Indice rerum et locorum memorabilium, et familiarissimis scholijs, nunc recenter compertis, et collectis à Francesco Iunctino Florentino sacra Theologia Doctore. Interserta etiam sunt Eliae Vineti Santonis egregia Scholia in eandem Sphaeram. Adiunximus huic libro compendium in Sphaeram, per Pierium Valerianum Bellunensem. Et Petri Nonij Salaciensis demonstrationem eorum, quae in extremo capite de climatibus Sacroboscius scribit de inaequali climatum latitudine: eodem Vineto interprete ;1564-01-01 00:00;Lyon;;;;;
101;1973_sacrobosco_sphaera_1564_p93;1973;seven;Sphaera Ioannis de Sacro Bosco ;Sphaera Ioannis de Sacro Bosco, emendata. Eliae Vineti Santonis scholia in eandem Sphaeram, ab ipso authore restituta. Audiunximus huic libro compendium in Sphaeram per Pierium Valerianum Bellunensem, Et Petri Nonii Salaciensis demonstrationem eorum, quae in extremo capite de climatibus Sacroboscius scribit de inaequali climatum latitudine, eodem Vineto interprete ;1564-01-01 00:00;Paris;;;;;
102;2263_strigel_epitome_1565_p202;2263;seven;Epitome doctrinae de primo motu ;Epitome doctrinae de primo motu, aliquot demonstrationibus illustrata. Denuo edita à Victorino Strigelio ;1565-01-01 00:00;Wittenberg;;;;;
103;1856_sacrobosco_sphaera_1566_p109;1856;seven;Sphaera Ioannis de Sacro Bosco ;Sphaera Ioannis de Sacro Bosco emendata. Cum additionibus in margine, & Indice rerum & locorum memorabilium, & familiarissimis scholijs, nunc recenter compertis, & collectis à Francisco Iunctino Florentino sacrae Theologiae Doctore. Interserta etiam sunt Eliae Vineti Santonis egregia Scholia in eandem Sphaeram. Adiunximus eiusdem auctoris Computum Ecclesiasticum. Et Petri Nonii Salaciensis demonstrationem eorum, quae in extremo capite de Climatibus Sacroboscius scribit de inaequali climatum latitudine, eodem Vineto interprete ;1566-01-01 00:00;Antwerp;;;;;
115;1857_giuntini_sphaera_1566_p111;1857;seven;Sphaera Ioannis de Sacro Bosco ;Sphaera Ioannis de Sacro Bosco emendata. Cum additionibus in margine, et Indice rerum et locorum memorabilium, et familiarissimis scholijs, nunc recenter compertis, et collectis à Francesco Iunctino Florentino sacrae Theologia Doctore. Interserta etiam sunt Eliae Vineti Santonis egregia Scholia in eandem Sphaeram. Adiunximus eiusdem auctoris Computum Ecclesiasticum. Et Petri Nonii Salaciensis demonstrationem eorum, quae in extremo capite de climatibus Sacroboscius scribit de inaequali climatum latitudine, eodem Vineto interprete ;1566-01-01 00:00;Antwerp;;;;;
116;1953_vinet_sphaera_1566_p102;1953;seven;Sphaera Ioannis de Sacro Bosco ;Sphaera Ioannis de Sacro Bosco emendata. Eliae Vineti Santonis scholia in eandem Sphaeram, ab ipso authore restituta. Adiunximus huic libro compendium in sphaeram per Pierium Valerianum Bellunensem, Et Petri Nonii Salaciensis demonstrationem eorum, quae in extremo capite de climatibus Sacroboscius scribit de inaequali climatum latitudine, eodem Vineto interprete ;1566-01-01 00:00;Cologne;;;;;
117;1968_vinet_sphaera_1567_p121;1968;seven;Sphaera Ioannis de Sacro Bosco ;Sphaera Ioannis de Sacro Bosco emendata. Cum additionibus in margine, & Indice rerum et locorum memorabilium, & familiarissimis scholijs, nunc recenter compertis, et collectis [DELETION: à Francesco Iunctino] Florentino sacrae Theologia Doctore. Interserta etiam sunt Eliae Vineti Santonis egregia Scholia in eandem Sphaeram. Adiunximus huic libro compendium in Sphaeram, per Pierium Valerianum Bellunensem. Et Petri Nonij Salaciensis demonstrationem eorum, quae in extremo capite de climatibus Sacroboscius scribit de inaequali climatum latitudine: eodem Vineto interprete ;1567-01-01 00:00;Lyon;;;;;
118;1727_sacrobosco_sphaera_1567_p161;1727;seven;La sphera de Iuã de Sacro Bosco ;La sphera de Iuã de Sacro Bosco nueva y fielmente traduzida de Latin en Romance, por Rodrigo Saenz de Santayana y Spinosa. Con una Exposicion del mismo. Dirigida al Serenissimo y Excellentissimo Infante Don Iuan de Austria, Hijo del Invictissimo Cesar Carlo Quinto ;1567-01-01 00:00;Valladolid;;;;;
131;2197_spinosa_sphera_1568_p163;2197;seven;La Sphera de Iuan de Sacrobosco ;La Sphera de Iuan de Sacrobosco Nueva y fielmente traduzida de Latin en Romance, por Rodrigo Saenz de Santayana y Spinosa. Con una Exposicion del mismo. Dirigida al Serenißimo y Excellentißimo Principe Don Iuan de Austria, Hijo del Invictißimo Caesar Carlo Quinto ;1568-01-01 00:00;Valladolid;;;;;
132;1943_schreckenfuchs_commentaria_1569_p289;1943;seven;Erasmi Osvvaldi Schreckenfuchsii Commentaria, in Sphaeram Ioannis de ;Erasmi Osvvaldi Schreckenfuchsii Commentaria, in Sphaeram Ioannis de Sacrobusto, accuratissima, quibus non solumea quae in autoris contextu sunt, sed alia etiam ad Sphaericam doctrinam necessaria, explicantur: Tabularum atque constructio, ex suis principiis per demonstrationum seriem clarem dilucide atque docetur. His adiecti sunt eiusdem autoris canones, quibus usus Tabularum, quae operi ex libro Directionum Ioannis Regiomontani, passim inseruntur, ad pulcherrimas inquisitiones Astronomicas, luculentissime continetur. Reliqua ad consummatam doctrinam hanc pertinentia, ex illum primo mobili, eadem forma edito, petes ;1569-01-01 00:00;Basel;;;;;
146;1974_vinet_sphaera_1569_p103;1974;seven;Sphæra Ioannis de Sacro Bosco ;Sphæra Ioannis de Sacro Bosco, emendata. Eliae Vineti Santonis scholia in eandem Sphaeram, ab ipso auctore restituta. Adiunximus huic libro compendium in Sphaeram per Pierium Valerianum Bellunensem, Et Petri Nonii Salaciensis demonstrationem eorum, quae in extremo capite de climatibus Sacroboscius scribit de inaequali climatum latitudine, eodem Vineto interprete ;1569-01-01 00:00;Paris;;;;;
147;1728_vinet_sphaera_1569_p77;1728;seven;Sphaera Ioannis de Sacro Bosco ;Sphaera Ioannis de Sacro Bosco, emendata. Eliae Vineti Santonis scholia in eandem Sphaeram, ab ipso Authore restituta. Adiunximus huic Libro compendium in Sphaeram, per Pierium Valerianum Bellunensem, & Petri Nonij Salaciensis demonstrationem eorum: Quae in extremo capite de climatibus Sacroboscius scribit de inaequali Climatum latitudine: eodem Vineto interprete. Ex postrema Impressione Lutetiae ;1569-01-01 00:00;Venice;;;;;
148;2167_peucer_elementa_1569_p373.jpg;2167;seven;Elementa doctrinae de circulis coelestibus, et primo motu ;Elementa doctrinae de circulis coelestibus, et primo motu, recognita et correcta. Autore Casparo Peucero ;1569-01-01 00:00;Wittenberg;;;;;
149;1838_sacrobosco_sphere_1570_p109;1838;seven;La sphere de Iean de Sacrobosco ;La sphere de Iean de Sacrobosco, augmentee de nouveaux Commentaires, et figures servant grandement pour l'intelligence d' icelle: le tout mis de Latin Francois par Guillaume des Bordes Gentilhomme Bourdelois, Licencié et droicte, professeur et Mathematiques: lequel a adiouté plusieurs bonnes sentences et arguments à une preface qui est au commencement du livre, pour prouuer que l' Astrologie est tresutile, et necessaire au genre humain: et qu'elle ne doibt estre mespris'ée de l'homme Chrestien ;1570-01-01 00:00;Paris;;;;;
150;1806_clavius_sphaeram_1570_p498;1806;seven;In Sphaeram Ioannis de Sacro Bosco commentarius ;Christophori Clavii Bambergensis, ex Societate Iesu, in Sphaeram Ioannis de Sacro Bosco commentarius ;1570-01-01 00:00;Rome;;;;;
165;1835_sacrobosco_sfera_1571_p76;1835;seven;La sfera di messer Giovanni Sacrobosco ;La sfera di messer Giovanni Sacrobosco tradotta emendata & distinta in Capitoli da Pieruincentio Dante de Rinaldi con molte et utili Annotazioni del Medesimo Riuista da Frate Egnatio Danti Cosmografio Del Gran Duca Di Toscana. All' ill. et ecc. S. Diomede della cornia Marchese di Castiglione ;1571-01-01 00:00;Florence;;;;;
181;2227_cortes_arte_1572_p28;2227;seven;The arte of Navigation ;The arte of Navigation, Conteyning a compendious description of the Sphere, with the makyng of certayne Instrumentes and Rules for Navigations: and exemplified by many Demonstrations. Written in the Spanishe tongue by Martin Curtes, and directed to the Emperour Charles the fyft. Translated out of Spanyshe into Englyshe by Richarde Eden, and now newly corrected and amended in dyuers places ;1572-01-01 00:00;London;;;;;
182;1911_nunes_sphaera_1572_p51;1911;seven;Sphaera Ioannis de Sacro Bosco ;Sphaera Ioannis de Sacro Bosco, emendata. Eliae Vineti Santonis scholia in eandem Sphaeram, ab ipso auctore restituta. Adiunximus huic libro compendium in Sphaeram per Pierium Valerianum Bellunensem, Et Petri Nonii Salaciensis demonstrationem eorum, quae in extremo capite de climatibus Sacroboscius scribit de inaequali climatum latitudine, eodem Vineto interprete ;1572-01-01 00:00;Paris;;;;;
183;1730_giuntini_sphaera_1573_p96;1730;seven;Sphaera Ioannis de Sacro Bosco ;Sphaera Ioannis de Sacro Bosco, emendata. In eandem Francisci Iunctini Florentini, et Eliae Vineti Santonis Scholia. Caetera pagina sequens indicabit ;1573-01-01 00:00;Antwerp;;;;;
184;1965_vinet_sphaera_1574_p73;1965;seven;Sphaera Ioannis de Sacro Bosco ;Sphaera Ioannis de Sacro Bosco, emendata. Eliae Vineti Santonis scholia in eandem Sphaeram, ab ipso Authore restituta. Adiunximus huic Libro compendium in Sphaeram, per Pierium Valerianum Bellunensem. Et Petri Nonij Salaciensis demonstrationem eorum, quae in extremo capite de climatibus Sacroboscius scribit de inaequali climatum latitudine: eodem Vineto interprete. Cum tabulis locis suis accomodatis. Ex postrema Impressione Lutetiae ;1574-01-01 00:00;Venice;;;;;
185;1733_sacrobosco_sphere_1576_p54;1733;seven;La sphere de Iean de Sacrobosco ;La sphere de Iean de Sacrobosco, augmentee de nouveaux Commentaires, et figures servant grandement pour l'intelligence d' icelle: le tout mis de Latin Francois par Guillaume des Bordes Gentilhomme Bourdelois, Licencié et droicte, professeur et Mathematiques: lequel a adiouté plusieurs bonnes sentences et arguments à une preface qui est au commencement du livre, pour prouver que l' Astrologie est tresutile, et necessaire au genre humain: et qu'elle ne doibt estre mespris'ée de l'homme Chrestien ;1576-01-01 00:00;Paris;;;;;
186;2169_peucer_elementa_1576_p282;2169;seven;Elementa doctrinae de circulis coelestibus, et primo motu ;Elementa doctrinae de circulis coelestibus, et primo motu, recognita et correcta. Autore Casparo Peucero ;1576-01-01 00:00;Wittenberg;;;;;
187;1851_giuntini_sphaeram_1577_p227;1851;seven;Fr. Iunctini Florentini, Commentaria in tertium et quartum capitulum Sphaerae Io. de Sacro Bosco ;Fr. Iunctini Florentini, sacrae theologiae doctoris, Commentaria in tertium et quartum capitulum Sphaerae Io. de Sacro Bosco. Ad nobilem virum D. Marcum Bonavoltam Florentinum ;1577-01-01 00:00;Lyon;;;;;
188;1970_sacrobosco_sphaera_1577_p101;1970;seven;Sphaera Ioannis de Sacrobosco ;Sphaera Ioannis de Sacrobosco, emendata. Eliae Vineti Santonis scholia in eandem Sphaeram ab ipso auctore restituta. Adiunximus huic libro compnedium in Sphaeram per Pierium Valerianum Bellunensem, et Petri Nonii Salacensis demonstrationem eorum, quae in extremo capite de climatibus Sacroboscius scribit de inaequali climatum latitudine, eodem Vineto interprete ;1577-01-01 00:00;Paris;;;;;
189;1855_giuntini_sphaera_1578_p119;1855;seven;Sphaera Ioannis de Sacro Bosco ;Sphaera Ioannis de Sacro Bosco, emendata a Fr. Iunctino Theologo Florentino, qui etiam in capite libri adiunxit Principia Geometrica, ad cognitionem Sphaericorum Elementorum necessaria, ex varijs authoribus decerpta. In calce libri habes Scholia Eliae Vineti Santonis ;1578-01-01 00:00;Lyon;;;;;
190;2225_cortes_arte_1597_p28;2225;seven;The Arte of Navigation ;The Arte of Navigation, Conteynyng a compendious description of the Sphere, with the making of certayne Instrumentes and Rules for Navigations, and exemplified by many Demonstrations. Written by Martin Curtes, Spaniarde. Englished out of Spanyshe by Richarde Eden, and now newly corrected and amended in divers places. Whereunto may be added at the wyl of the byer, another very fruitefull and necessary booke of Navigation, translated out of Latine by the sayde Eden ;1579-01-01 00:00;London;;;;;
191;1960_vinet_sphaera_1581_p104;1960;seven;Sphaera Ioannis de Sacro Bosco ;Sphaera Ioannis de Sacro Bosco emendata. Eliae Vineti Santonis scholia in eandem Sphaeram, ab ipso authore restituta. Quibus nunc accessere scholia Heronis. Adiunximus huic libro compendium in Sphaeram per Pierium Valerianum Bellunensem, Et Petri Nonii Salaciensis demonstrationem eorum, quae in extremo capite declimatibus Sacroboscius scribit de inaequali climatum latitudine, eodem Vineto interprete ;1581-01-01 00:00;Cologne;;;;;
192;2258_giuntini_speculum_1581_p837.jpg;2258;seven;Speculum astrologiae ;Speculum astrologiae, comprehendens commentaria in theoricas planetarum, et in sphaeram Ioannis de Sacro Bosco: uná cum tabulis de eclipsibus Georgii Purbachii, et supputationibus motuum planetarum, secundum decreta Alphonsii regis Hispaniae: et Nicolai Copernici, cum diversis aliis tractatibus astrologicis. Autore Francisco Iunctino Florentino s.t.d. ac elecmosynario ordinario serenissimi principis Francisci Valesii, Henrici filij, Francisci nepotis, ac Christianiss Francorum, ac Poloniae regis fratris unici, Andegauensis Ducis, etc. Salvo per omnia iudicio sanctae sedis Apostolicae. Tomus posterior ;1581-01-01 00:00;Lyon;;;;;
193;1807_clavius_sphaeram_1581_p447;1807;seven;In Sphaeram Ioannis de Sacro Bosco commentarius ;Christophori Clavii Bambergensis ex Societate Iesu in Sphaeram Ioannis de Sacro Bosco commentarius Nunc iterum ab ipso Auctore recognitus, & multis ac varijs locis locupletatus ;1581-01-01 00:00;Rome;;;;;
194;1958_vinet_sphaera_1582_p117;1958;seven;Sphaera Ioannis de Sacro Bosco emendata ;Sphaera Ioannis de Sacro Bosco, emendata. In eandem Francisci Iunctini Florentini, Eliae Vineti Santonis, & Alberti Heronis Scholia. Caetera pagina sequens indicabit ;1582-01-01 00:00;Antwerp;;;;;
195;2281_giuntini_emendata_1582_p123;2281;seven;Sphaera Ioannis de Sacro Bosco emendata ;Sphaera Ioannis de Sacro Bosco, emendata. In eandem Francisci Iunctini Florentini, Eliae Vineti Santonis, & Alberti Heronis Scholia. Caetera pagina sequens indicabit ;1582-01-01 00:00;Antwerp;;;;;
196;2190_giuntini_speculum_1583_p848;2190;seven;Speculum astrologiae ;Speculum astrologiae, comprehendens commentaria in theoricas planetarum, et in sphaeram Ioannis de Sacro Bosco: Unà cum tabulis de Eclipsibus Georgii Purbachii, & supputationibus motuum Planetarum, secundum decreta Alphonsii Regis Hispaniae: & Nicolai Copernici, cum diversis aliis tractatibus Astrologicis. Autore Francisco Iunctino Florentino S.T.D. ac Eleemosynario ordinario Serenissimi Principis Francisci Valesii, Henrici filij, Francisci Nepotis, ac Christianiss Francorum, ac Poloniae Regis fratris unici, Andegauensis Ducis, &c. Salvo per omnia iudicio sanctae sedis Apostolicae. Tomus posterior ;1583-01-01 00:00;Lyon;;;;;
197;2223_cortes_arte_1584_p28;2223;seven;The Arte of Navigation ;The Arte of Navigation, Conteining a compendious description of the Spere, with the making of certayne Instrumentes and Rules for Navigations, and exemplified by many Demonstrations. Written by Martin Cortes, Spaniarde. Englished out of Spanishe by Richarde Eden, and now newly corrected and amended in divers places. Whereunto may be added at the wyll of the byer, another very fruitefull and necessary booke of Navigation, translated out of Latine by the sayd Eden ;1584-01-01 00:00;London;;;;;
198;1739_desbordes_sphere_1584_p111;1739;seven;La Sphere de Iean de Sacrobosco ;La Sphere de Iean de Sacrobosco, augmentee de nouveaux Commentaires, et figures servant grandement pour l'intelligence d'icelle: le tout mis de Latin en Francois par Guillaume des Bordes Gentilhomme Bordelois, Licencié ez droictz, professeur ez Mathematiques: lequel a adiousté plusieurs bonnes sentences et arguments à une preface qui est au commencement du livre, pour prouver que l' Astrologie estresutile, et necessaire au genre humain: et qu'elle ne doibt estre mesprisée de l'homme Chrestien ;1584-01-01 00:00;Paris;;;;;
199;1741_sacrobosco_sphaera_1594_p110;1741;seven;Sphaera Ioannis de Sacrobosco ;Sphaera Ioannis de Sacrobosco, emendata. Eliae Vineti Santonis scholia in eandem Sphaeram, ab ipso auctore restituta. Adiunximus huic libro compendium in Sphaeram, per Pierium Valerianum Bellunensem. Et Petri Nonii Salaciensis demonstrationem eorum, quae in extremo capite de climatibus Sacroboscius scribit de inaequali climatum latitudine, eodem Vineto interprete. Post omnes omnium editiones, auctior et locupletior ;1584-01-01 00:00;Paris;;;;;
200;1808_clavius_sphaera_1585_p462;1808;seven;In Sphaeram Ioannis de Sacro Bosco commentarius ;Christophori Clavii Bambergensis ex Societate Iesu in Sphaeram Ioannis de Sacro Bosco commentarius Nunc tertio ab ipso Auctore recognitus, & plerisque in locis locupletatus. Permissu superiorem ;1585-01-01 00:00;Rome;;;;;
201;1777_barozzi_cosmographia_1585_p346;1777;seven;Cosmographia in quatuor libros distributa ;"Cosmographia in quatuor libros distributa, summo ordine, miraque facilitate, ac brevitate ad Magnam Ptolemaei Mathematicam Constructionem, ad universamque Astrologiam instituens. Francisco Barocio, Iacobi Filio, Patritio Veneto Autore. Cum Praefatione eiusdem Autoris, in qua perfecta quidem Astrologiae Divisio, et enarratio Autorem Illustrium, et Voluminum ab eis conscriptorum in singulis Astrologiae partibus habetur: Ioannis de Sacrobosco verò 84 errores, et alii permulti suorum Expositorum, et Sectatorum ostenduntur, rationibusque; redarguuntur. Praecessunt etiam quaedam Communia Mathematica, necnon Arithmetica, et Geometrica principia, nonnullaeque: Propositiones, de quibus in toto opere saepe sit mentio: Ac demum locupletissimus Index eorum, quae ipsa Cosmographia continentur";1585-01-01 00:00;Venice;;;;;
202;1971_sacrobosco_emendata_1586_p77;1971;seven;Sphaera Ioannis de Sacro Bosco ;Sphaera Ioannis de Sacro Bosco emendata. Eliae Vineti Santonis scholia in eandem Sphaeram, ab ipso Authore restituta. Adiunximus huic Libro compendium in Sphaeram, per Pierium Valerianum Bellunensem: Et Petri Nonij Salaciensis demonstrationem eorum, quae in extremo capite de climatibus Sacroboscus scribit de inaequali climatum latitudine: eodem Vineto interprete. Ex postrema Impressione Lutetiae ;1586-01-01 00:00;Venice;;;;;
203;2226_cortes_arte_1589_p29;2226;seven;The Arte of Navigation ;The Arte of Navigation. Conteyning a compendious description of the Sphere, with the making of certayne Instruments and Rules for Navigations, and exemplifyed by many Demonstrations. Written by Martin Cortes Spanyarde. Englished out of Spanishe by Richard Eden, and now newly corrected and amended in divers places ;1589-01-01 00:00;London;;;;;
204;1961_vinet_sphaera_1591_p108;1961;seven;Sphaera Ioannis de Sacrobosco ;Sphaera Ioannis de Sacrobosco emendata. Eliae Vineti Santonis scholia in eandem Sphaeram, ab ipso authore restituta. Quibus nunc accessere scholia Heronis. Adiunximus huic libro compendium in Sphaeram per Pierium Valerianum Bellunensem, Et Petri Nonii Salaciensis demonstrationem eorum, quae in extremo capite de climatibus Sacroboscius scribit de inaequali climatum latitudine, eodem Vineto interprete ;1591-01-01 00:00;Cologne;;;;;
205;1809_clavius_sphaera_1591_p463;1809;seven;In Sphaeram Ioannis de Sacro Bosco commentarius ;Christophori Clavii Bambergensis ex Societate Iesu In Sphaeram Ioannis de Sacro Bosco commentarius, Nunc tertio ab ipso Auctore recognitus, & plerisque in locis locupletatus. Permissu Superiorum ;1591-01-01 00:00;Venice;;;;;
206;1746_sacrobosco_christophori_1593_p506;1746;seven;In Sphaeram Ioannis de Sacro Bosco. Commentarius ;Christophori Clavii Bambergensis ex Societate Iesu, in Sphaeram Ioannis de Sacro Bosco. Commentarius. Nunc quarto ab ipso Auctore recognitus, & plerisque in locis locupletatus ;1593-01-01 00:00;Lyon;;;;;
207;1959_vinet_sphaera_1594_p104;1959;seven;Sphaera Ioannis de Sacrobosco ;Sphaera Ioannis de Sacrobosco emendata. Eliae Vineti Santonis scholia in eandem Sphaeram ab ipso authore restituta. Quibus nunc accessere scholia Heronis. Adiunximus huic libro compendium in Sphaeram per Pierium Valerianum Bellunensem, et Petri Nonii Salaciensis demosntrationem eorum, quae in extremo capite de climatibus Sacroboscius scribit de inaequali climatum latitudine, eodem Vineto interprete ;1594-01-01 00:00;Cologne;;;;;
208;1810_clavius_sphaera_1594_p528;1810;seven;In Sphaeram Ioannis de Sacro Bosco. Commentarius ;Christophori Clavii Bambergensis Ex Societate Iesu, in Sphaeram Ioannis de Sacro Bosco. Commentarius. Nunc quarto ab ipso Auctore recognitus, & plerisque in locis locupletatus ;1594-01-01 00:00;Lyon;;;;;
209;1811_clavius_sphaera_1596_p462;1811;seven;In sphæram Ioannis de Sacro Bosco commentarius ;Christophori Clavii Bambergensis ex Societate Iesu in sphæram Ioannis de Sacro Bosco commentarius. Nunc tertio ab ipso Auctore recognitus, & plerisque in locis locupletatus. Maiori item cura correctus. Permissu superiorum ;1596-01-01 00:00;Venice;;;;;
210;1778_barozzi_cosmographia_1598_p345;1778;seven;Cosmographia in quatuor libros distributa ;Cosmographia in quatuor libros distributa, summo ordine, miraque facilitate, ac brevitate ad Magnam Ptolemaei Mathematicam Constructionem, ad universamque Astrologiam instituens: Francisco Barocio, Iacobi Filio, Patritio Veneto autore. Cum Prefatione eiusdem Authoris, in qua perfecta quidem Astrologiae Divisio, & enarratio Aurorum illustrium, & voluminum ab eis conscriptorum in singulis Astrologiae partibus habetur: Ioannis de Sacrobosco verò 84 errores, & alij permulti suorum expositorum, & sectatorum ostenduntur, rationibusque redarguuntur. Precesserunt etiam quaedem Communia Mathematica, necnon Arithmetica & Geometrica principia, nonnulleque Propositiones, de quibus in toto opere saepe sit mentio: Ac demum locupletissimus Index eorum, que ipsa Cosmographia continentur. Omnia nuper in hac secunda editione ab ipso Autore diligenter recognita, multisque in locis aucta;1598-01-01 00:00;Venice;;;;;
211;1950_rocamora_sphaera_1599_p250;1950;seven;Sphera del universo ;Sphera del universo. Por Don Gines Rocamora y Torrano, Regidor de la Ciudad de Murcia, y Procurador de Cortes por ella, y su Reyno. Dirigida a Don Luis Faxardo, Marques de los Velez y de Molina, Adelantado mayor y Capitan general del Reyno de Murcia, y Marquesado de Villena, etc. ;1599-01-01 00:00;Madrid;;;;;
228;1820_clavius_sphaera_1601_p139;1820;seven;Sphaera Ioannis de Sacrobosco ;Sphaera Ioannis de Sacrobosco emendata, aucta et illustrata. Eliae Vineti Santonis scholia in eandem Sphaeram ab ipso auctore restituta. Quibus praeter Alberti Heronis scholia nunc accessere R. P. Christoph. Clavij breves commentarij. Adiunximus huic libro compendium in Sphaeram per Pierium Valerianum Bellunensem: et Petri Nonii Salaciensis demonstrationem eorum, quae in extremo capite de climatibus Sacroboscus scribit de inaequali climatum latitudine, eodem Vineto interprete ;1601-01-01 00:00;Cologne;;;;;
229;1812_clavius_sphaeram_1601_p471;1812;seven;In Sphæram Ioannis de Sacro Bosco Commentarius ;Christophori Clavii Bambergensis ex Societate Iesu In Sphæram Ioannis de Sacro Bosco Commentarius. Nunc tertio ab ipso Auctore recognitus, & plerisque in locis locupletatus. Maiori item cura correctus. Permissu Superiorum ;1601-01-01 00:00;Venice;;;;;
230;2278_clavius_commentarius_1601_p458;2278;seven;In Sphaeram Ioannis de Sacro Bosco Commentarius ;Christophori Clavii Bambergensis ex Societate Iesu in sphaeram Ioannis de Sacro Bosco commentarius. Nunc tertio ab ipso auctore recognitus, & plerisque in locis locupletatus. Maiori item cura correctus ;1601-01-01 00:00;Venice;;;;;
231;2173_peucer_elementa_1601_p277;2173;seven;Elementa doctrinae de circulis coelestibus, et primo motu ;Elementa doctrinae de circulis coelestibus, et primo motu: Recognita & correcta, Autore Casparo Peucero ;1601-01-01 00:00;Wittenberg;;;;;
232;1813_clavius_sphaera_1602_p528;1813;seven;In Sphaeram Ioannis de Sacro Bosco, Commentarius ;Christophori Clavii Bambergensis ex Societate Iesu, In Sphaeram Ioannis de Sacro Bosco, Commentarius. Nunc quarto ab ipso Auctore recognitus, & plerisque in locis locupletatus ;1602-01-01 00:00;Lyon;;;;;
233;1821_clavius_commentarius_1602_p505;1821;seven;In Sphaeram Ioannis de Sacro Bosco, commentarius ;Christophori Clavii Bambergensis ex societate Iesu, in Sphaeram Ioannis de Sacro Bosco, commentarius. Nunc quarto ab ipso Auctore recognitus, & plerisque in locis locupletatus ;1602-01-01 00:00;Saint Gervais;;;;;
251;1814_clavius_commentarius_1603_p462;1814;seven;In Sphaeram Ioannis de Sacro Bosco Commentarius ;Christophori Clavii Bambergensis ex Societate Iesu, In Sphaeram Ioannis de Sacro Bosco Commentarius. Nunc septimò ab ipso Auctore recognitus, & plerisque in locis locupletatus. Maiori item cura correctus. Permissu superiorum ;1603-01-01 00:00;Venice;;;;;
252;1967_sacrobosco_sphaera_1606_p99;1967;seven;Sphaera Ioannis de Sacrobosco ;Sphaera Ioannis de Sacrobosco, emendata. Eliae Vineti Santonis scholia in eandem Sphaeram, ab ipso auctore restituta. Adiunximus huic libro compendium in Sphaeram, per Pierium Valerianum Bellunensem: Et Petri Nonii Salaciensis demonstrationem eorum, quae in extremo capite de climatibus Sacroboscius scribit de inaequali climatum latitudine, eodem Vineto interprete. Post omnes omnium editiones, auctior & locupletior ;1606-01-01 00:00;Lyon;;;;;
253;1815_clavius_sphaera_1606_p585;1815;seven;In Sphaeram Ioannis de Sacro Bosco. Commentarius ;Christophori Clavii Bambergensis ex Societate Iesu, in Sphaeram Ioannis de Sacro Bosco. Commentarius. Nunc quinto ab ipso Auctore hoc anno 1606. recognitus, & plerisque in locis locupletatus. Accessit Geometrica, atque Uberrima de Crepusculis Tractatio;1606-01-01 00:00;Rome;;;;;
254;2151_clavius_commentarius_1607_p504;2151;seven;In Sphaeram Ioannis de Sacro Bosco, commentarius ;Christophori Clavii Bambergensis ex Societate Iesu, in Sphaeram Ioannis de Sacro Bosco, commentarius. Nunc quarto ab ipso Auctore recognitus, & plerisque in locis locupletatus ;1607-01-01 00:00;Geneva;;;;;
273;1816_clavius_sphaeram_1607_p654;1816;seven;In Sphaeram Ioannis de Sacro Bosco. Commentarius ;Christophori Clavii Bambergensis ex Societate Iesu, In Sphaeram Ioannis de Sacro Bosco. Commentarius. Nunc quinto ab ipso Auctore hoc anno 1606. recognitus, & plerisque in locis locupletatus. Accessit Geometrica, atque Uberrima de Crepusculis Tractatio;1607-01-01 00:00;Lyon;;;;;
274;1754_desbordes_augmentee_1607_p111;1754;seven;La Sphere de Iean de Sacrobosco ;La Sphere de Iean de Sacrobosco augmentee de nouveaux Commentaires, & figures servant grandement pour l'intelligence d'icelle: Le tout mis de Latin en François par Guillaume des Bordes Gentil-homme Bordelois, Licencié des droictes, professeur des Mathematiques: lequel a adiousté plusieurs bonnes Sentences & Arguments à une Preface qui est au commencement du Livre, pour prouver que l'Astrologie est tres-utile & necessaire au genre humain: & qu'elle ne doit estre mesprisee de l'homme Chrestien ;1607-01-01 00:00;Paris;;;;;
275;1817_clavius_sphaeram_1607_p626;1817;seven;In Sphaeram Ioannis de Sacro Bosco. Commentarius ;Christophori Clavii Bambergensis ex Societate Iesu, in Sphaeram Ioannis de Sacro Bosco. Commentarius. Nunc quinto ab ipso Auctore hoc anno 1606. recognitus, plerisque in locis locupletatus. Accessit Geometrica, atque Uberrima de Crepusculis Tractatio;1607-01-01 00:00;Rome;;;;;
276;1755_clavius_commentarius_1607_p507;1755;seven;In Sphaeram Ioannis de Sacro Bosco, commentarius ;Christophori Clavii Bambergensis ex societate Iesu, in Sphaeram Ioannis de Sacro Bosco, commentarius. Nunc quarto ab ipso Auctore recognitus, & plerisque in locis locupletatus ;1607-01-01 00:00;Saint Gervais;;;;;
277;2188_barozzi_cosmografia_1607_p167;2188;seven;Cosmografia in quattro libri divisa ;Cosmografia in quattro libri divisa, la quale con sommo ordine, e maravigliosa facilità, e brevità introduce alla grande Mathematica Construttione di Tolomeo, & à tutta l' Astrologia. Composta da Francesco Barozzi gentil'huomo Venetiano. Con la Prefatione di esso Autore, nella quale si ha una perfetta divisione dell'Astrologia, & una narratione de gli Autori Illustri, e de' Volumi da loro in tutte le parti di essa composti: & si mostrano 84 errori di Gio. de Sacrobosco, & molt'altri de' suoi Espositori, & Settatori, & con ragione si riprendono. Preciede ancho alcuni communi Mathematici, Arithmetici, & Geometrici principij, con alcune cose di nuovo dall'Autore ritrvate: & alquante Propositioni, delle quai per tutta l'Opera si fà mentione: & finalmente un Indice ricchissimo delle cose in essa Cosmografia contenute;1607-01-01 00:00;Venice;;;;;
278;1963_sacrobosco_sphaera_1608_p130;1963;seven;Sphaera Ioannis de Sacrobosco ;Sphaera Ioannis de Sacrobosco emendata. Eliae Vineti Santonis Scholia in eandem Sphaeram, ab ipso autore restituta, et Annotationibus Iacobi Martini Pedemontani aucta. Petri Nonij Salaciensis Annotatio in caput de climatibus, eodem Vineto interprete. Compendium in Sphaeram per Pierium Valerianum Belunensem. Post omnes omnium editiones, auctior & locupletior ;1608-01-01 00:00;Paris;;;;;
279;1818_clavius_sphaeram_1608_p514;1818;seven;In Sphaeram Ioannis de Sacro Bosco, commentarius ;Christophori Clavii Bamb. ex societate Iesu, in Sphaeram Ioannis de Sacro Bosco, commentarius. Nunc postremo ab ipso Auctore recognitus, & plerisque in locis locupletatus. Accessit Geometrica atque uberrima de Crepusculis Tractatio ;1608-01-01 00:00;Saint Gervais;;;;;
280;2229_cortes_arte_1609_p25;2229;seven;The Arte of Navigation ;The Arte of Navigation. First written in the Spanish tongue by that excellent mariner and mathematician of these times, Martine Curtis . From thence translated into English by Richard Eden: and now newly corrected and inlarged, with many necessarie tables, rules, and instructions, for the more easie attaining to the knowledge of navigation: by John Tapp ;1609-01-01 00:00;London;;;;;
281;1957_clavius_sphaera_1610_p158;1957;seven;Sphaera Ioannis a Sacrobosco ;Sphaera Ioannis a Sacrobosco emendata, aucta et illustrata. Eliae Vineti Santonis, & Francisci Iunctini Florentini scholia in eandem Sphaeram restituta. Quibus praeter Alberti Heronis scholia nunc accessere R. P. Christoph. Clavij breves commentarij. Adiunximus huic libro compendium in Sphaeram per Pierium Valerianum Bellunensem: et Petri Nonii Salaciensis Demonstrationem eorum, quae in extremo capite de climatibus Sacroboscus scribit de inaequali climatum latitudine, eodem Vineto interprete ;1610-01-01 00:00;Cologne;;;;;
282;1819_clavius_works_vol_03_1611_p331;1819;seven;Christophori Clavii Bambergensis e Societate Iesu Operum Mathematicorum ;Christophori Clavii Bambergensis e Societate Iesu Operum Mathematicorum Tomus Tertius Complectens Commentarium in Sphaeram Ioannis de Sacro Bosco, & Astrolabium ;1611-01-01 00:00;Mainz;;;;;
302;1758_desbordes_sphere_1616_p54;1758;seven;La Sphere de Iean de Sacrobosco ;La Sphere de Iean de Sacrobosco, augmentee de nouveaux Commentaires & Figures, servant grandement pour l'intelligence d'icelle. Le tout mis de Latin en François par Guillaume des Bordes Gentil-homme Bordelois, Licentié es Droicts, Professeur és Mathematiques lequel a adiousté plusieurs bonnes Sentences & Arguments à une Preface qui est au commencement du Livre, pour prouver que l' Astrologie est tres - utile & necessaire au genre humain: & qu'elle ne doit estre mesprisee de l'homme Chrestien ;1616-01-01 00:00;Paris;;;;;
303;1872_sacrobosco_emendata_1617_p110;1872;seven;Sphaera Ioannis de Sacrobosco ;Sphaera Ioannis de Sacrobosco emendata. Eliae Vineti Santonis Scholia in eandem Sphaeram, ab ipso autore restituta, et Annotationibus Iacobi Martini Pedemontani aucta. Petri Nonij Salaciensis Annotatio in caput de climatibus, eodem Vineto interprete. Compendium in Sphaeram per Pierium Valerianum Belunensem. Post omnes omnium editiones, auctior & locupletior ;1617-01-01 00:00;Lyon;;;;;
304;1822_clavius_sphaera_1618_p585;1822;seven;In Sphaeram Ioannis de Sacro Bosco, Commentarius ;Christophori Clavii Bamberg. ex Societate Iesu, In Sphaeram Ioannis de Sacro Bosco, Commentarius. Editio postrema, ab auctore recognita, plerisque in locis locupletata. Accessit Geometrica, atque Uberrima de Crepusculis Tractatio ;1618-01-01 00:00;Lyon;;;;;
305;1760_sacrobosco_sphere_1619_p110;1760;seven;La sphere de Iean de Sacrobosco ;La sphere de Iean de Sacrobosco, augmentee de nouveaux Commentaires, & Figures, servant grandemend pour l'intelligence d'icelle. Le tout mis de Latin en Francois par Guillaume des Bordes Gentil homme Bordelois, Licentié és Droicts, Professeur és Mathematiques, lequel a adiousté plusieurs bonnes Sentences & Arguments à une Preface qui est au commencement du Livre, pour prouver que l' Astrologie est tres - utile & necessaire au genre humain: & qu'elle ne doit estre mesprisée de l'homme Chrestien ;1619-01-01 00:00;Paris;;;;;
306;1962_vinet_sphaera_1619_p62;1962;seven;Sphaera Ioannis de Sacrobosco ;Sphaera Ioannis de Sacrobosco emendata. Eliae Vineti Santonis Scholia in eandem Sphaeram, ab ipso auctore restituta, et Annotationibus Iacobi Martini Pedemontani aucta. Petri Nonij Salaciensis Annotatio in caput de climatibus, eodem Vineto interprete. Compendium in Sphæram per Pierium Valerianum Belunensem. Post omnes omnium editiones, auctior & locupletior ;1619-01-01 00:00;Paris;;;;;
307;1972_vinet_sphaera_1620_p77;1972;seven;Sphaera Ioannis de Sacro Bosco ;Sphaera Ioannis de Sacro Bosco emendata. Eliae Vineti Santonis scholia in eandem sphaeram, ab ipso authore restituta. Adiunximus huic libro compendium in sphaeram, per Pierium Valerianum Bellunensem: et Petri Nonij Salaciensis demonstrationem eorum, quae in extremo capite de climatibus Sacroboscus scribit de inaequali climatum latitudine: eodem Vineto interprete. Ex postremo Impressione Lutetiae ;1620-01-01 00:00;Venice;;;;;
308;1626_sacrobosco_opusculum_1494_p77;1626;twentyfour;Opusculum Iohannis de Sacro Busto spericum ;Opusculum Iohannis de Sacro Busto spericum. cum figuris optimis et nouis textum in se. sine ambiguitate declarantibus ;1494-01-01 00:00;Leipzig;;;;;
309;1844_sacrobosco_spericum_1495_p104;1844;twentyfour;Opusculum Johannis de sacro busto spericum ;Opusculum Johannis de sacro busto spericum cum notabili commento atque figuris textum declarantibus utilissimis ;1495-01-01 00:00;Leipzig;;;;;
310;1638_sacrobosco_opusculum_1502_p73;1638;twentyfour;Opusculum Johannis de sacrobusto spericum ;Opusculum Johannis de sacrobusto spericum, cum figuris optimis et novis textum in se. sine ambiguitate declarantibus ;1498-01-01 00:00;Leipzig;;;;;
311;1632_sacrobosco_opusculum_1498_p78;1632;twentyfour;Opusculum Johannis de sacro busto spericum ;Opusculum Johannis de sacro busto spericum. cum figuris optimis et novis textum in se sine ambiguitate declarantibus ;1498-01-01 00:00;Leipzig;;;;;
312;2100_budweis_opusculum_1499_p91;2100;twentyfour;Opusculum Johannis de sacro busto spericum ;Opusculum Johannis de sacro busto spericum cum notabili commento atque figuris textum declarantibus utilissimis ;1499-01-01 00:00;Leipzig;;;;;
313;1797_sacrobosco_opus_1500_p74.jpg;1797;twentyfour;Opus sphericum Iohannis de sacro busto ;Opus sphericum Iohannis de sacro busto figuris et per utili commento illustratum ;1500-01-01 00:00;Cologne;;;;;
315;1847_faber_opusculum_1520_p106;1847;twentyfour;Opusculum Iohannis de sacro busto spericum ;Opusculum Iohannis de sacro busto spericum cum notabili commento a Magnifico viro domino Wenceslao Fabri de Budweysz medicine Doctore edito, cumque figuris textum declarantibus utilissimis ;1500-01-01 00:00;Leipzig;;;;;
316;2152_faber_opusculum_1500_p70.jpg;2152;twentyfour;Opusculum Iohannis de sacro busto sphericum ;Opusculum Iohannis de sacro busto sphericum cum notabili commento atque figuris textum declarantibus utilissimis ;1500-01-01 00:00;Strasbourg;;;;;
319;1794_faber_opus_1503_p67;1794;twentyfour;Opus sphericum magistri Ioannis de Sacrobustho ;Opus sphericum magistri Ioannis de Sacrobustho natione Anglici. figuris verissime exculptis et interpretatione familiari ad commoditatem desiderantium iucundissima Artis Astronomice callere principia pulcherrime et iterata recognitione illustratum ;1503-01-01 00:00;Cologne;;;;;
320;2118_faber_opus_1503_p71.jpg;2118;twentyfour;Opus sphericum magistri Ioannis de Sacro busto ;Opus sphericum magistri Ioannis de Sacro busto natione angli figuris verissime exculptis et interpretatione familiari commoditatem desiderantium iucundissima Artis Astronomice callere principia pulcherrime et iterata recognitione illustratum ;1503-01-01 00:00;Cologne;;;;;
321;1640_sacrobosco_introductorium_1503_p107;1640;twentyfour;Astronomice sciencie sphaericum introductorium Ioannis de sacro busto ;Astronomice sciencie sphaericum introductorium Ioannis de sacro busto, quibusdam notabilibus (ex eiusdem discipline diversorum autorum preclarissimis commentarijs iam noviter diligenter decerptis) dilucidatum ;1503-01-01 00:00;Leipzig;;;;;
322;1795_sacrobosco_opus_1505_p67;1795;twentyfour;Opus sphericum magistri Ioannis de Sacro busto ;Opus sphericum magistri Ioannis de Sacro busto natione angli figuris verissime exculptis et interpretatione familiari ad commodita tem desiderantium iucundissima Artis Astronomice callere principia pulcherrime et iterata recognitione illustratum ;1505-01-01 00:00;Cologne;;;;;
323;1642_sacrobosco_opus_1508_p34.jpg;1642;twentyfour;Opus sphericum magistri Ioannis de Sacro busto ;Opus sphericum magistri Ioannis de Sacro busto natione angli magistrique Parrhisiensis figuris verissime exculptis et interpretatone familiari ad commoditatem desiderantium iucundissima Artis Astronomice callere principia pulcherrime et iterata recognitone illustratum ;1508-01-01 00:00;Cologne;;;;;
324;2194_faber_opusculum_1520_p106;2194;twentyfour;Opusculum Iohannis de sacro busto spericum ;Opusculum Iohannis de sacro busto spericum cum notabili commento a Magnifico viro domino Wenceslao Fabri de Budrveysz medicine Doctore edito / cumque figuris textum declarantibus utilissimis ;1517-01-01 00:00;Leipzig;;;;;
325;1846_faber_opusculum_1520_p105;1846;twentyfour;Opusculum Ioannis de Sacro Busto Spericum ;Opusculum Ioannis de Sacro Busto Spericum cum notabili commento a Magnifico viro domino Wenceslao Fabri de Budrveysz medicine Doctore edito / cumque figuris textum declarantibus utilissimis ;1520-01-01 00:00;Leipzig;;;;;
326;2250_fine_protomathesis_1532_p312.jpg;2250;twentyfour;Orontii Finei Delphinatis, protomathesis ;Orontii Finei Delphinatis, liberalium disciplinarum professoris regii, protomathesis: Opus varium, ac scitu non minus utile quàm iucundum, nunc primùm in lucem foeliciter emissum. Cuius index universalis, in versa pagina continetur ;1532-01-01 00:00;Paris;;;;;
330;1680_sacrobosco_sphera_1537_p57.jpg;1680;twentyfour;Sphera volgare ;Sphera volgare novamente tradotta con molte notande additioni di geometria, cosmographia, arte navigatoria, et stereometria, proportioni, et quantita delli elementi, distanze, grandeze, et movimenti di tutti li corpi celesti, cose certamente rade et maravigliose. Autore M. Mauro Fiorentino Phonasco et Philopanareto. A messer Giovan'Orthega Di Carion Burgense Hispano, et Dino Compagni Patritio Fiorentino, Mathematici ;1537-01-01 00:00;Venice;;;;;
335;1850_fine_sphaera_1542_p159;1850;twentyfour;Orontij Finei Delphinatis, De Mundi sphaera ;"Orontij Finei Delphinatis, regii mathematicarvm professoris, De Mundi sphaera, sive Cosmographia, primáve Astronomiae parte, Lib. V: Inaudita methodo ab authore renovati, proprijsque tum commentarijs & figuris, tum demonstrationibus & tabulis recens illustrati. Eivsdem Orontii, rectarum in circuli quadrante subtensarum (quos sinus vocant) demonstratio, supputatióque facillima, nunc primùm edita; vna cum eorundem sinuum tabula, fideli admodum calculo restituta. Eivsdem Orontii, organum vniversale, ex supradicta sinuum ratione contextum, quo tum Geometrici, tum omnes astro nomici canones, ex quatuor sinuum proportione pendentes, mira facilitate practicantur ";1542-01-01 00:00;Paris;;;;;
336;1802_sacrobosco_tractado_1545_p175;1802;twentyfour;Sphera del mundo ;Sphera del mundo. Tractado de la sphera que compuso el doctor Ioannes de Sacrobusto con muchas adiciones, Agora nuevamente traduzido de Latin en lengua Castellana por el Bachiller Hieronymo de Chaves: el qual annidio muchas figuras tablas, y claras demonstrationes: junctamente con unos breves Scholios, necessarios á mayor illucidation, ornato y perfection del dicho tractado ;1545-01-01 00:00;Seville;;;;;
342;2240_dodoens_isagoge_1548_p80.jpg;2240;twentyfour;Cosmographica in astronomiam et geographiam isagoge ;Cosmographica in astronomiam et geographiam isagoge, per Rembertum Dodonaeum Malinatem, Medicum et Mathematicum ;1548-01-01 00:00;Antwerp;;;;;
349;2117_beyer_quaestiones_1549_p164;2117;twentyfour;Quaestiones novae, in libellum de Sphaera Iohannis de Sacro Busto ;Quaestiones novae, in libellum de Sphaera Iohannis de Sacro Busto, in gratiam studiosae inventutis collectae ab Hartmanno Bavaro ;1549-01-01 00:00;Frankfurt (Main);;;;;
357;1779_beyer_quaetionnes_1549_p170;1779;twentyfour;Quaestiones novae, in libellum de Sphaera Iohannis de Sacro Busto ;Quaestiones novae, in libellum de Sphaera Iohannis de Sacro Busto, in gratiam studiosae inventutis collectae ab Ariele Bicardo ;1549-01-01 00:00;Frankfurt (Main);;;;;
358;1699_fiorentino_sopra_1550_p82.jpg;1699;twentyfour;Annotationi sopra la lettione della spera del Sacro Bosco ;Annotationi sopra la lettione della spera del Sacro Bosco. Dove si dichiarano tutti e principii Mathematici et Naturali, che in quelle si possan desiderare. Con alcune quistioni Notabili a detta Spera Necessarie et altri notandi et rari segreti, che in quella son ascosti. Con le infrascritte cose, cio, e, Una Nuova et fedele (ad verbum) traduttione di detta Spera. Una Spera Theologica Divina, & Christiana. Una Spera Platonica, con Alcune eccitationi mathematiche, theologiche & divine. Una Nuova inventione, et Astronomico instrumento, per subitamente fabricare le dodici case celesti della figura astronomica, senza altri canoni, o, calculo. Authore M. Mauro Fiorentino, Theosebo, Phonasco, et Philopanareto ;1550-01-01 00:00;Florence;;;;;
367;2269_fine_sphere_1551_p112;2269;twentyfour;La sphere du monde ;Le sphere du monde, proprement ditte cosmographie, composee nouvellement en francois, & divisee en cinq livres, comprenans la premiere partie de l'astronomie, & les principes universels de la geographie & hydrographie. Avec une epistre, touchant la dignité, perfection & utilité des sciences mathematiques. Par Oronce Fine, natif du Daulphiné, lecteur Mathematicien du tres-chrestien Roy de Franse en L'université de Paris ;1551-01-01 00:00;Paris;;;;;
368;2257_fine_sphaera_1551_p111;2257;twentyfour;Sphaera mundi ;Sphaera mundi, sive cosmographia quinque recèns auctis & emendatis absoluta: in qua tum prima astronomiae pars, tum geographie, ac hydrographie rudimenta pertractantur. Authore Orontio Finaeo Delphinate, regio mathematicarum Lutetiae professore ;1551-01-01 00:00;Paris;;;;;
369;2170_peucer_elementa_1551_p330;2170;twentyfour;Elementa doctrinae de circulis coelestibus, et primo motu ;Elementa doctrinae de circulis coelestibus, et primo motu. Autore Casparo Peucero ;1551-01-01 00:00;Wittenberg;;;;;
379;1781_sacrobosco_quaestiones_1552_p269;1781;twentyfour;Quaestiones in libellum De sphaera Ioannis de Sacro Busto ;Quaestiones in libellum De sphaera Ioannis de Sacro Busto, in gratiam studiosae iuuentutis collectae ab Hartmanno Beyer & nunc denuo recognitae ;1552-01-01 00:00;Frankfurt (Main);;;;;
380;2252_fine_sphaera_1552_p108;2252;twentyfour;Sphaera mundi ;Sphaera mundi, sive cosmographia quinque libris recèns auctis & emendatis absoluta: in qua tum prima astronomiae pars, tum geographie, ac hydrographie rudimenta pertractantur. Authore Orontio Finaeo Delphinate, Regio mathematicarum Lutetiae professore ;1552-01-01 00:00;Paris;;;;;
381;2270_fine_sphere_1552_p112;2270;twentyfour;Le sphere du monde ;Le sphere du monde, proprement ditte cosmographie, composee nouvellement en francois, & divisee en cinq livres, comprenans la premiere partie de l'astronomie, & les principes universels de la geographie. Avec une epistre, touchant la dignité, perfection & utilité des sciences mathematiques. Par Oronce Fine, natif du Daulphiné, lecteur Mathematicien du tres-chrestien Roy de France de L'université de Paris ;1552-01-01 00:00;Paris;;;;;
382;2172_peucer_elementa_1554_p166;2172;twentyfour;Elementa doctrinae de circulis coelestibus, et primo motu ;Elementa doctrinae de circulis coelestibus, et primo motu, recognita et correcta. Autore Casparo Peucero ;1554-01-01 00:00;Wittenberg;;;;;
383;2253_fine_sphaera_1555_p112;2253;twentyfour;Orontii Finaei Delphinatis, de mundi sphaera ;Orontii Finaei Delphinatis, regii mathematicarum Lutetiae professoris, de mundi sphaera, sive cosmographia, libri V. ab ipso authore denuò castigati, & marginalibus (ut vocant) annotationibus recèns illustrati: quibus tum prima Astronomiae pars, tum Geographiae, ac Hydrographiae rudimenta pertractantur ;1555-01-01 00:00;Paris;;;;;
384;2168_peucer_elementa_1558_p282;2168;twentyfour;Elementa doctrinae de circulis coelestibus, et primo motu ;Elementa doctrinae de circulis coelestibus, et primo motu, recognita et correcta, autore Casparo Peucero ;1558-01-01 00:00;Wittenberg;;;;;
385;1720_Mercator_Breves_1563_p98.jpg;1720;twentyfour;Breves in sphaeram meditatiunculae ;Breves in sphaeram meditatiunculae, includentes methodum & Isagogen in universam Cosmographiam, hoc est, Geographiae pariter atque Astronomiae initia ac rudimenta suggerentes, Authore Bartholomaeo Mercatore Louanien. Cum indice rerum & locorum memorabilium ;1563-01-01 00:00;Cologne;;;;;
386;2160_dietrich_quaestiones_1564_p323.jpg;2160;twentyfour;Novae quaestiones sphaerae ;Novae quaestiones sphaerae, hoc est, de circulis coelestibus, et primo mobili, in gratiam studiosae iuventutis scriptae, a M. Sebastiano Theodorico Vuinshemio Mathematum Professore ;1564-01-01 00:00;Wittenberg;;;;;
387;2263_strigel_epitome_1565_p208;2263;twentyfour;Epitome doctrinae de primo motu ;Epitome doctrinae de primo motu, aliquot demonstrationibus illustrata. Denuo edita à Victorino Strigelio ;1565-01-01 00:00;Wittenberg;;;;;
388;1943_schreckenfuchs_commentaria_1569_p293;1943;twentyfour;Erasmi Osvvaldi Schreckenfuchsii Commentaria, in Sphaeram Ioannis de ;Erasmi Osvvaldi Schreckenfuchsii Commentaria, in Sphaeram Ioannis de Sacrobusto, accuratissima, quibus non solumea quae in autoris contextu sunt, sed alia etiam ad Sphaericam doctrinam necessaria, explicantur: Tabularum atque constructio, ex suis principiis per demonstrationum seriem clarem dilucide atque docetur. His adiecti sunt eiusdem autoris canones, quibus usus Tabularum, quae operi ex libro Directionum Ioannis Regiomontani, passim inseruntur, ad pulcherrimas inquisitiones Astronomicas, luculentissime continetur. Reliqua ad consummatam doctrinam hanc pertinentia, ex illum primo mobili, eadem forma edito, petes ;1569-01-01 00:00;Basel;;;;;
399;1806_clavius_sphaeram_1570_p502;1806;twentyfour;In Sphaeram Ioannis de Sacro Bosco commentarius ;Christophori Clavii Bambergensis, ex Societate Iesu, in Sphaeram Ioannis de Sacro Bosco commentarius ;1570-01-01 00:00;Rome;;;;;
411;2233_witekind_sphaera_1574_p180;2233;twentyfour;De sphaera mundi: et temporis ratione ;"De sphaera mundi: et temporis ratione apud Christianos. Hermanni VVitekindi
 ";1574-01-01 00:00;Heidelberg;;;;;
424;1851_giuntini_sphaeram_1577_p171;1851;twentyfour;Fr. Iunctini Florentini, Commentaria in tertium et quartum capitulum Sphaerae Io. de Sacro Bosco ;Fr. Iunctini Florentini, sacrae theologiae doctoris, Commentaria in tertium et quartum capitulum Sphaerae Io. de Sacro Bosco. Ad nobilem virum D. Marcum Bonavoltam Florentinum ;1577-01-01 00:00;Lyon;;;;;
438;2203_giuntini_commentaria_1577_p587.jpg;2203;twentyfour;Fr. Iunctini Florentini, Commentaria in Sphaeram Ioannis de Sacro Bosco ;Fr. Iunctini Florentini, sacrae theologiae doctoris, Commentaria in Sphaeram Ioannis de Sacro Bosco accuratissima. Omnia iudicio S.R. Ecclesiae submissa sunto ;1577-01-01 00:00;Lyon;;;;;
439;1852_sacrobosco_commentaria_1578_p577.jpg;1852;twentyfour;Fr. Iunctini Florentini, Commentaria in Sphæram Ioannis de Sacro Bosco ;Fr. Iunctini Florentini, sacrae theologiae doctoris, Commentaria in Sphæram Ioannis de Sacro Bosco accuratissima. Omnia iudicio S.R. Ecclesiae submissa sunto ;1578-01-01 00:00;Lyon;;;;;
440;1807_clavius_sphaeram_1581_p450;1807;twentyfour;In Sphaeram Ioannis de Sacro Bosco commentarius ;Christophori Clavii Bambergensis ex Societate Iesu in Sphaeram Ioannis de Sacro Bosco commentarius Nunc iterum ab ipso Auctore recognitus, & multis ac varijs locis locupletatus ;1581-01-01 00:00;Rome;;;;;
441;2190_giuntini_speculum_1583_p756;2190;twentyfour;Speculum astrologiae ;Speculum astrologiae, comprehendens commentaria in theoricas planetarum, et in sphaeram Ioannis de Sacro Bosco: Unà cum tabulis de Eclipsibus Georgii Purbachii, & supputationibus motuum Planetarum, secundum decreta Alphonsii Regis Hispaniae: & Nicolai Copernici, cum diversis aliis tractatibus Astrologicis. Autore Francisco Iunctino Florentino S.T.D. ac Eleemosynario ordinario Serenissimi Principis Francisci Valesii, Henrici filij, Francisci Nepotis, ac Christianiss Francorum, ac Poloniae Regis fratris unici, Andegauensis Ducis, &c. Salvo per omnia iudicio sanctae sedis Apostolicae. Tomus posterior ;1583-01-01 00:00;Lyon;;;;;
442;2159_dietrich_quaestiones_1583_p320;2159;twentyfour;Novae quaestiones sphaericae ;Novae quaestiones sphaericae, hoc est, circulis coelestibus et primo mobili, in gratiam studiosae iuventutis scriptae, A M. Sebastiano Theodorico Vuinshemio, Mathematum Professore ;1583-01-01 00:00;Wittenberg;;;;;
443;1840_dodoens_sphaera_1584_p79.jpg;1840;twentyfour;De sphaera, sive de astronomiae et geographiae principiis Cosmographica ;De sphaera, sive de astronomiae et geographiae principiis Cosmographica Isagoge: olim conscripta à Remberto Dodonaeo Medico, Nunc vero Eiusdem recognitione locupletior facta ;1584-01-01 00:00;Antwerp;;;;;
444;1808_clavius_sphaera_1585_p465;1808;twentyfour;In Sphaeram Ioannis de Sacro Bosco commentarius ;Christophori Clavii Bambergensis ex Societate Iesu in Sphaeram Ioannis de Sacro Bosco commentarius Nunc tertio ab ipso Auctore recognitus, & plerisque in locis locupletatus. Permissu superiorem ;1585-01-01 00:00;Rome;;;;;
445;1777_barozzi_cosmographia_1585_p359;1777;twentyfour;Cosmographia in quatuor libros distributa ;"Cosmographia in quatuor libros distributa, summo ordine, miraque facilitate, ac brevitate ad Magnam Ptolemaei Mathematicam Constructionem, ad universamque Astrologiam instituens. Francisco Barocio, Iacobi Filio, Patritio Veneto Autore. Cum Praefatione eiusdem Autoris, in qua perfecta quidem Astrologiae Divisio, et enarratio Autorem Illustrium, et Voluminum ab eis conscriptorum in singulis Astrologiae partibus habetur: Ioannis de Sacrobosco verò 84 errores, et alii permulti suorum Expositorum, et Sectatorum ostenduntur, rationibusque; redarguuntur. Praecessunt etiam quaedam Communia Mathematica, necnon Arithmetica, et Geometrica principia, nonnullaeque: Propositiones, de quibus in toto opere saepe sit mentio: Ac demum locupletissimus Index eorum, quae ipsa Cosmographia continentur";1585-01-01 00:00;Venice;;;;;
446;2255_fine_opere_1587_p558;2255;twentyfour;Opere di Orontio Fineo del Delfinato ;"Opere di Orontio Fineo del Delfinato: Divise in cinque parti; arimetica, geometria, cosmografia, et orivoli, tradotte da Cosimo Bartoli, Gentilhuomo, et Academico Fiorentino: Et gli Specchi, tradotti dal Cavalier Ercole Bottrigaro, Gentilhuomo Bolognese. Nuovamente poste in luce ";1587-01-01 00:00;Venice;;;;;
447;2232_witekind_sphaera_1590_p183;2232;twentyfour;De sphaera mundi: Et Témporis ratione ;De sphaera mundi: Et Témporis ratione apud Christianos. Hermanni VVitekindi ;1590-01-01 00:00;Neustadt an der Weinstraße;;;;;
462;1809_clavius_sphaera_1591_p466;1809;twentyfour;In Sphaeram Ioannis de Sacro Bosco commentarius ;Christophori Clavii Bambergensis ex Societate Iesu In Sphaeram Ioannis de Sacro Bosco commentarius, Nunc tertio ab ipso Auctore recognitus, & plerisque in locis locupletatus. Permissu Superiorum ;1591-01-01 00:00;Venice;;;;;
463;2163_dietrich_quaestiones_1591_p320.jpg;2163;twentyfour;Novae quaestiones sphaericae ;Novae quaestiones sphaericae, hoc est, de circulis coelestibus & primo mobili, in gratiam studiosae iuventutis scriptae, a M. Sebastiano Theodorico Vuinshemio. Mathematum Professore ;1591-01-01 00:00;Wittenberg;;;;;
464;1775_avelar_sphaerae_1593_p214;1775;twentyfour;Sphaerae utriusque tabella, ad Sphaerae huius mundi faciliorem enucleationem ;Sphaerae utriusque tabella, ad Sphaerae huius mundi faciliorem enucleationem. Autore Andrea D'Avellar Olysiponensi, Artium, ac Philosophiae Magistro, & publico in Conimbricensi Academia Mathematum professore ;1593-01-01 00:00;Coimbra;;;;;
480;1746_sacrobosco_christophori_1593_p509;1746;twentyfour;In Sphaeram Ioannis de Sacro Bosco. Commentarius ;Christophori Clavii Bambergensis ex Societate Iesu, in Sphaeram Ioannis de Sacro Bosco. Commentarius. Nunc quarto ab ipso Auctore recognitus, & plerisque in locis locupletatus ;1593-01-01 00:00;Lyon;;;;;
481;1810_clavius_sphaera_1594_p531;1810;twentyfour;In Sphaeram Ioannis de Sacro Bosco. Commentarius ;Christophori Clavii Bambergensis Ex Societate Iesu, in Sphaeram Ioannis de Sacro Bosco. Commentarius. Nunc quarto ab ipso Auctore recognitus, & plerisque in locis locupletatus ;1594-01-01 00:00;Lyon;;;;;
482;1811_clavius_sphaera_1596_p465;1811;twentyfour;In sphæram Ioannis de Sacro Bosco commentarius ;Christophori Clavii Bambergensis ex Societate Iesu in sphæram Ioannis de Sacro Bosco commentarius. Nunc tertio ab ipso Auctore recognitus, & plerisque in locis locupletatus. Maiori item cura correctus. Permissu superiorum ;1596-01-01 00:00;Venice;;;;;
483;1778_barozzi_cosmographia_1598_p366;1778;twentyfour;Cosmographia in quatuor libros distributa ;Cosmographia in quatuor libros distributa, summo ordine, miraque facilitate, ac brevitate ad Magnam Ptolemaei Mathematicam Constructionem, ad universamque Astrologiam instituens: Francisco Barocio, Iacobi Filio, Patritio Veneto autore. Cum Prefatione eiusdem Authoris, in qua perfecta quidem Astrologiae Divisio, & enarratio Aurorum illustrium, & voluminum ab eis conscriptorum in singulis Astrologiae partibus habetur: Ioannis de Sacrobosco verò 84 errores, & alij permulti suorum expositorum, & sectatorum ostenduntur, rationibusque redarguuntur. Precesserunt etiam quaedem Communia Mathematica, necnon Arithmetica & Geometrica principia, nonnulleque Propositiones, de quibus in toto opere saepe sit mentio: Ac demum locupletissimus Index eorum, que ipsa Cosmographia continentur. Omnia nuper in hac secunda editione ab ipso Autore diligenter recognita, multisque in locis aucta;1598-01-01 00:00;Venice;;;;;
484;1950_rocamora_sphaera_1599_p255;1950;twentyfour;Sphera del universo ;Sphera del universo. Por Don Gines Rocamora y Torrano, Regidor de la Ciudad de Murcia, y Procurador de Cortes por ella, y su Reyno. Dirigida a Don Luis Faxardo, Marques de los Velez y de Molina, Adelantado mayor y Capitan general del Reyno de Murcia, y Marquesado de Villena, etc. ;1599-01-01 00:00;Madrid;;;;;
501;2278_clavius_commentarius_1601_p461;2278;twentyfour;In Sphaeram Ioannis de Sacro Bosco Commentarius ;Christophori Clavii Bambergensis ex Societate Iesu in sphaeram Ioannis de Sacro Bosco commentarius. Nunc tertio ab ipso auctore recognitus, & plerisque in locis locupletatus. Maiori item cura correctus ;1601-01-01 00:00;Venice;;;;;
502;1812_clavius_sphaeram_1601_p474;1812;twentyfour;In Sphæram Ioannis de Sacro Bosco Commentarius ;Christophori Clavii Bambergensis ex Societate Iesu In Sphæram Ioannis de Sacro Bosco Commentarius. Nunc tertio ab ipso Auctore recognitus, & plerisque in locis locupletatus. Maiori item cura correctus. Permissu Superiorum ;1601-01-01 00:00;Venice;;;;;
503;2173_peucer_elementa_1601_p275;2173;twentyfour;Elementa doctrinae de circulis coelestibus, et primo motu ;Elementa doctrinae de circulis coelestibus, et primo motu: Recognita & correcta, Autore Casparo Peucero ;1601-01-01 00:00;Wittenberg;;;;;
504;1813_clavius_sphaera_1602_p531;1813;twentyfour;In Sphaeram Ioannis de Sacro Bosco, Commentarius ;Christophori Clavii Bambergensis ex Societate Iesu, In Sphaeram Ioannis de Sacro Bosco, Commentarius. Nunc quarto ab ipso Auctore recognitus, & plerisque in locis locupletatus ;1602-01-01 00:00;Lyon;;;;;
505;1821_clavius_commentarius_1602_p508;1821;twentyfour;In Sphaeram Ioannis de Sacro Bosco, commentarius ;Christophori Clavii Bambergensis ex societate Iesu, in Sphaeram Ioannis de Sacro Bosco, commentarius. Nunc quarto ab ipso Auctore recognitus, & plerisque in locis locupletatus ;1602-01-01 00:00;Saint Gervais;;;;;
523;1814_clavius_commentarius_1603_p465;1814;twentyfour;In Sphaeram Ioannis de Sacro Bosco Commentarius ;Christophori Clavii Bambergensis ex Societate Iesu, In Sphaeram Ioannis de Sacro Bosco Commentarius. Nunc septimò ab ipso Auctore recognitus, & plerisque in locis locupletatus. Maiori item cura correctus. Permissu superiorum ;1603-01-01 00:00;Venice;;;;;
524;1921_pifferi_sfera_1604_p368;1921;twentyfour;Sfera di Gio. Sacro Bosco ;Sfera di Gio. Sacro Bosco tradotta, e dichiarata da don Francesco Pifferi San Savino Monaco Camaldolense, e Matematico nello Studio de Siena. Misurato Intronato. Al Serensissimo don Cosimo Medici Gran Principe di Toscana. Con nuove aggiunte di molte cose notabili, e varie demostrazioni utili, e dilettevoli. Come nella seguente Tavola si vede ;1604-01-01 00:00;Siena;;;;;
543;2164_blebel_quaestiones_1605_p315.jpg;2164;twentyfour;Novae quaestiones sphaericae ;Novae quaestiones sphaericae, hoc est, de circulis coelestibus & primo mobili, in gratiam studiosae juventutis scriptae, a M. Sebastiano Theodorico Vuinshemio, Mathematum Professore ;1605-01-01 00:00;Wittenberg;;;;;
544;1815_clavius_sphaera_1606_p591;1815;twentyfour;In Sphaeram Ioannis de Sacro Bosco. Commentarius ;Christophori Clavii Bambergensis ex Societate Iesu, in Sphaeram Ioannis de Sacro Bosco. Commentarius. Nunc quinto ab ipso Auctore hoc anno 1606. recognitus, & plerisque in locis locupletatus. Accessit Geometrica, atque Uberrima de Crepusculis Tractatio;1606-01-01 00:00;Rome;;;;;
545;2151_clavius_commentarius_1607_p507;2151;twentyfour;In Sphaeram Ioannis de Sacro Bosco, commentarius ;Christophori Clavii Bambergensis ex Societate Iesu, in Sphaeram Ioannis de Sacro Bosco, commentarius. Nunc quarto ab ipso Auctore recognitus, & plerisque in locis locupletatus ;1607-01-01 00:00;Geneva;;;;;
565;1816_clavius_sphaeram_1607_p660;1816;twentyfour;In Sphaeram Ioannis de Sacro Bosco. Commentarius ;Christophori Clavii Bambergensis ex Societate Iesu, In Sphaeram Ioannis de Sacro Bosco. Commentarius. Nunc quinto ab ipso Auctore hoc anno 1606. recognitus, & plerisque in locis locupletatus. Accessit Geometrica, atque Uberrima de Crepusculis Tractatio;1607-01-01 00:00;Lyon;;;;;
566;1817_clavius_sphaeram_1607_p632;1817;twentyfour;In Sphaeram Ioannis de Sacro Bosco. Commentarius ;Christophori Clavii Bambergensis ex Societate Iesu, in Sphaeram Ioannis de Sacro Bosco. Commentarius. Nunc quinto ab ipso Auctore hoc anno 1606. recognitus, plerisque in locis locupletatus. Accessit Geometrica, atque Uberrima de Crepusculis Tractatio;1607-01-01 00:00;Rome;;;;;
567;1755_clavius_commentarius_1607_p510;1755;twentyfour;In Sphaeram Ioannis de Sacro Bosco, commentarius ;Christophori Clavii Bambergensis ex societate Iesu, in Sphaeram Ioannis de Sacro Bosco, commentarius. Nunc quarto ab ipso Auctore recognitus, & plerisque in locis locupletatus ;1607-01-01 00:00;Saint Gervais;;;;;
568;2188_barozzi_cosmografia_1607_p178;2188;twentyfour;Cosmografia in quattro libri divisa ;Cosmografia in quattro libri divisa, la quale con sommo ordine, e maravigliosa facilità, e brevità introduce alla grande Mathematica Construttione di Tolomeo, & à tutta l' Astrologia. Composta da Francesco Barozzi gentil'huomo Venetiano. Con la Prefatione di esso Autore, nella quale si ha una perfetta divisione dell'Astrologia, & una narratione de gli Autori Illustri, e de' Volumi da loro in tutte le parti di essa composti: & si mostrano 84 errori di Gio. de Sacrobosco, & molt'altri de' suoi Espositori, & Settatori, & con ragione si riprendono. Preciede ancho alcuni communi Mathematici, Arithmetici, & Geometrici principij, con alcune cose di nuovo dall'Autore ritrvate: & alquante Propositioni, delle quai per tutta l'Opera si fà mentione: & finalmente un Indice ricchissimo delle cose in essa Cosmografia contenute;1607-01-01 00:00;Venice;;;;;
569;1818_clavius_sphaeram_1608_p517;1818;twentyfour;In Sphaeram Ioannis de Sacro Bosco, commentarius ;Christophori Clavii Bamb. ex societate Iesu, in Sphaeram Ioannis de Sacro Bosco, commentarius. Nunc postremo ab ipso Auctore recognitus, & plerisque in locis locupletatus. Accessit Geometrica atque uberrima de Crepusculis Tractatio ;1608-01-01 00:00;Saint Gervais;;;;;
570;1819_clavius_works_vol_03_1611_p333;1819;twentyfour;Christophori Clavii Bambergensis e Societate Iesu Operum Mathematicorum ;Christophori Clavii Bambergensis e Societate Iesu Operum Mathematicorum Tomus Tertius Complectens Commentarium in Sphaeram Ioannis de Sacro Bosco, & Astrolabium ;1611-01-01 00:00;Mainz;;;;;
591;2261_triegler_sphaera_1614_p104.jpg;2261;twentyfour;Sphaera ;Sphaera. Das ist: Ein kurzes astronomisches Tractätlein von der Sphaera und des Himmels Lauff: Dem ewigen Schöpfer des Himmels und der Erden, und alles was darinnen ist, in Lob, Ehr, Preis und Danck: der lieben deutschen Nation zu Ruhm und Ehren, und dann allen Liebhabern der mathematischen Künsten zu lieb, nutz und frommen in die deutsche Sprache gebracht und verfertiget durch den edlen, ehrenwerten und wolbenamten Herrn Johan Georg Triegler von Igleraw, etc. Hauptmann der Burg und Herrschaft Goldenstein, der freyen Künsten und Philosophiae Magistrum ;1614-01-01 00:00;Leipzig;;;;;
592;1979_triegler_astronomisches_1614_p85.jpg;1979;twentyfour;Sphaera ;Sphaera. Das ist: Ein kurtzes Astronomisches Tractätlein von der Sphaera und des Himmels Lauff. Dem ewigen Schöpffer des Himmels und der Erden / und alles was darinnen ist / zu Lob / Ehr / Preiß und Danck: der lieben Deutschen Nation zu Ruhm und Ehren / Und dann allen Liebhabern der Mathematischen Künsten zu lieb / nutz und frommen in die Deutsche Sprache gebracht und verfertiget Durch Den Edlen / Ehrenvesten und wolbenamten Herrn Johan Georg Triegler von Igleraw / etc. Hauptmann der Burg und Herrschafft Goldenstein / der freyen Künsten und Philosophiae Magistrum ;1614-01-01 00:00;Leipzig;;;;;
593;1822_clavius_sphaera_1618_p591;1822;twentyfour;In Sphaeram Ioannis de Sacro Bosco, Commentarius ;Christophori Clavii Bamberg. ex Societate Iesu, In Sphaeram Ioannis de Sacro Bosco, Commentarius. Editio postrema, ab auctore recognita, plerisque in locis locupletata. Accessit Geometrica, atque Uberrima de Crepusculis Tractatio ;1618-01-01 00:00;Lyon;;;;;
594;1980_triegler_tractaetlein_1622_p87.jpg;1980;twentyfour;Sphaera ;Sphaera. Das ist: Ein kurtzes Astronomisches Tractätlein / In welchem nicht allein von des Himmels Lauff / der Sternen Krafft / Natur und Wirckung / Circulis, und andern darzu gehörigen Dingen: Sondern auch / wie man Nativiteten rechnen / und daraus urtheilen sol / gehandelt wird. Allen Liebhabern der Mathematischen Künsten zu Nutz in die Deutsche Sprache gebracht / Durch Weiland dem Edlen und Ehrenvhesten Herrn Johann Georg Trieglern von Igleraw / etc. fürnehmen Astronomum, und Hauptmann der Burgk und Herrschafft Goldenstein ;1622-01-01 00:00;Leipzig;;;;;
595;2189_burgersdijck_sphaera_1626_p96.jpg ff;2189;twentyfour;Sphaera Iohannis de Sacro-Bosco ;Sphaera Iohannis de Sacro-Bosco, Emendatiore sermone & methodo tradita, multisque praeceptionibus quae ad illustrationem hujus doctrinae requirebatur, adaucta. Operâ & studio Franconis Burgersdicii ;1626-01-01 00:00;Leiden;;;;;
617;1801_sacrobosco_sphaera_1626_p91.jpg;1801;twentyfour;Sphaera Iohannis de Sacro-Bosco ;Sphaera Iohannis de Sacro-Bosco, decreto Illustr. & Potent. D D. Ordinum Hollandiae & West-Frisiae, in usum Scholarum ejusdem provinciae, sic recensita, Ut & Latinitas, & methodus emendata sit, multaque addita, qua ad huius doctrina illustrationem requirebantur. Operâ & studio Franconis Burgersdicii ;1626-01-01 00:00;Leiden;;;;;
618;1799_burgersdijck_sphaera_1639_p96.jpg;1799;twentyfour;Sphaera Iohannis de Sacro-Bosco ;Sphaera Iohannis de Sacro-Bosco, Decreto Illustr. & Potent. D D. Ordinum Hollandiae & West-Frisiae, in usum Scholarum ejusdem provinciae, sic recensita, Vt & Latinitas, & methodus emendata sit, multaque addita, quae ad huius doctrinae illustrationem requirebantur. Operâ & studio Franconis Burgersdicii ;1639-01-01 00:00;Leiden;;;;;
619;1800_burgersdijk_sphaera_1647_p93.jpg;1800;twentyfour;Sphaera Johannis de Sacro-Bosco ;Sphaera Johannis de Sacro-Bosco, Decreto Illustr. & Potent. D D. Ordinum Hollandiae & West-Frisiae, in usum Scholarum ejusdem provinciae, sic recensita, Vt & Latinitas, & methodus emendata sit, multaque addita, quae ad hujus doctrinae illustrationem requirebatur. Operâ & studio Franconis Burgersdicii ;1647-01-01 00:00;Leiden;;;;;
620;1949_tockler_textus_1503_p71.jpg;1949;nine;Textus Spere materialis Joannis de Sacrobusto ;Textus Spere materialis Joannis de Sacrobusto cum lectura Magistri Conradi Norici in florentissmo Lipsensi gymnasio: nuper exarata. Verba Thebit acutissimi Astronomi de imagine tocius mundi atque corporis sperici compositione: introducendis ipsis incrementum magnum prebentia: per eundem: addita ;1503-01-01 00:00;Leipzig;;;;;
621;1803_chorath_spere_1509_p77.jpg;1803;nine;Textus Spere materialis Joannis de Sacrobusto ;Textus Spere materialis Joannis de Sacrobusto cum lectura Magistri Conradi Norici in florentissimo Lipsensi gymnasio nuper exarata. Verba Thebit acutissimi Astronomi de imagine totius mundi atque corporis sperici compositione: introducendis ipsis incrementum magnum prebentia: per eundem ! addita. Ordinatio spere materialis: et decem circulis ! huic operi inseriuens: per Magistrum Conradum Noricum novitem addita et diligenter revisa ;1509-01-01 00:00;Leipzig;;;;;
622;1948_szamotulski_opusculum_1522_p135.jpg;1948;nine;Ioannis De Sacrobosco Astronomi celeberrimi sphaericum opusculum ;Ioannis De Sacrobosco Astronomi celeberrimi sphaericum opusculum, cum lucida & familiari expositione per Matthaeum Shamotuliensis, artium magistrum. in studio almae universitatis Cracoviensis, collecta ;1522-01-01 00:00;Kraków;;;;;
624;1779_beyer_quaetionnes_1549_p170;1779;nine;Quaestiones novae, in libellum de Sphaera Iohannis de Sacro Busto ;Quaestiones novae, in libellum de Sphaera Iohannis de Sacro Busto, in gratiam studiosae inventutis collectae ab Ariele Bicardo ;1549-01-01 00:00;Frankfurt (Main);;;;;
627;2117_beyer_quaestiones_1549_p164;2117;nine;Quaestiones novae, in libellum de Sphaera Iohannis de Sacro Busto ;Quaestiones novae, in libellum de Sphaera Iohannis de Sacro Busto, in gratiam studiosae inventutis collectae ab Hartmanno Bavaro ;1549-01-01 00:00;Frankfurt (Main);;;;;
628;2103_beyer_quaestiones_1549_p253;2103;nine;Quaestiones novae in libellum de sphaera Ioannis de Sacro Busto ;Quaestiones novae in libellum de sphaera Ioannis de Sacro Busto, in gratiam studiosae iuventutis collectae ab Hartmanno Beyer, recognitae & plaerisque in locis auctae ;1549-01-01 00:00;Frankfurt (Main);;;;;
629;1594_beyer_quaestiones_1550_p169;1594;nine;Quaestiones novae in libellum de sphaera Johannis de Sacro Bosco ;Quaestiones novae in libellum de sphaera Johannis de Sacro Bosco, in gratiam studiosae inventutis collectae ab Ariele Bicardo, et nunc denuo recognitae, adiectis tabulis, quae in priore editione desiderantur ;1550-01-01 00:00;Wittenberg;;;;;
633;1780_beyer_quaestiones_1551_p154;1780;nine;Qvaestiones Novae In Libellum De Sphaera Ioannis de Sacro Bosco ;Qvaestiones Novae In Libellum De Sphaera Ioannis de Sacro Bosco, in gratiã studiosæ inventutis collectæ ab Ariele Bicardo, & nunc denuo recognitæ, figuris mathematicis ac tabulis illustratæ, quæ in reliquis editionibus antehac desiderabantur ;1551-01-01 00:00;Paris;;;;;
638;1781_sacrobosco_quaestiones_1552_p269;1781;nine;Quaestiones in libellum De sphaera Ioannis de Sacro Busto ;Quaestiones in libellum De sphaera Ioannis de Sacro Busto, in gratiam studiosae iuuentutis collectae ab Hartmanno Beyer & nunc denuo recognitae ;1552-01-01 00:00;Frankfurt (Main);;;;;
639;1782_sacrobosco_quaestiones_1552_p141;1782;nine;Quaestiones novae in libellum de sphaera Ioannis de Sacro Bosco ;Quaestiones novae in libellum de sphaera Ioannis de Sacro Bosco, in gratiam studiosae iuventutis collectae ab Ariele Bicardo, & nunc denuo recognitae, figuris mathematicis ac tabulis illustratae, quae in reliquis editionibus antehac desiderabantur ;1552-01-01 00:00;Paris;;;;;
640;2104_beyer_quaestiones_1556_p264;2104;nine;Qvaestiones in libellum de sphaera Ioannis de Sacro Busto ;Qvaestiones in libellum de sphaera Ioannis de Sacro Busto, in gratiam studiosae iuventutis collectae ab Hartmanno Beyer, & nunc denuo recognitae ;1556-01-01 00:00;Frankfurt (Main);;;;;
641;2148_beyer_quaestiones_1560_p318;2148;nine;Quaestiones in libellum de sphaera Ioannis de Sacro Busto ;Quaestiones in libellum de Sphaera Ioannis de Sacro busto, in gratiam studiosae iuventutis olim in Academia, Vuitebergensi collectae, per Hartmannum Beyer, nunc emendatae & auctae ;1560-01-01 00:00;Frankfurt (Main);;;;;
642;2105_beyer_quaestiones_1560_p337;2105;nine;Quaestiones in libellum de sphaera Ioannis de Sacro Busto ;Quaestiones in libellum de sphaera Ioannis de Sacro Busto, in gratiam studiosae iuventutis olim in Academia Vitebergensi collectae, per Hartmannum Beyer, nunc emendatae & auctae ;1560-01-01 00:00;Frankfurt (Main);;;;;
643;1784_beyer_quaestiones_1561_p318;1784;nine;Quaestiones in libellum de sphaera Ioannis de Sacro Busto ;Quaestiones in libellum de sphaera Ioannis de Sacro Busto, in gratiam studiosae iuventutis olim in Academia Vuitebergensi collectae, per Hartmannum Beyer, nunc emendatae & auctae ;1561-01-01 00:00;Frankfurt (Main);;;;;
644;1786_beyer_quaestiones_1562_p132;1786;nine;Qvæstiones novae in libellvm de sphæra Ioannis de Sacro Bosco ;Qvæstiones novae in libellvm de sphæra Ioannis de Sacro Bosco, in gratiam studiosae iuventutis collectae ab Ariele Bicardo, & nunc denuo recognitae, figuris Mathematicis ac tabulis illustratae, quae in reliquis editionibus antehac desiderabantur ;1562-01-01 00:00;Paris;;;;;
645;1720_Mercator_Breves_1563_p95.jpg;1720;nine;Breves in sphaeram meditatiunculae ;Breves in sphaeram meditatiunculae, includentes methodum & Isagogen in universam Cosmographiam, hoc est, Geographiae pariter atque Astronomiae initia ac rudimenta suggerentes, Authore Bartholomaeo Mercatore Louanien. Cum indice rerum & locorum memorabilium ;1563-01-01 00:00;Cologne;;;;;
651;1862_beyer_quaestiones_1563_p316;1862;nine;Quaestiones in libellum de sphaera Ioannis de Sacro Busto ;Quaestiones in libellum de sphaera Ioannis de Sacro Busto, in gratiam studiosae iuventutis olim in Acadaemia Vuitebergensi collectae, per Hartmannum Beyer, nunc emendatae & auctae ;1563-01-01 00:00;Frankfurt (Main);;;;;
652;1788_beyer_quaestiones_1565_p129.jpg;1788;nine;Quaestiones novae in libellum de sphaera Ioannis de Sacro Bosco ;Quaestiones novae in libellum de sphaera Ioannis de Sacro Bosco, in gratiam studiosae iuventutis collectae ab Ariele Bicardo, et nunc denuo recognitae, figuris mathematicis ac tabulis illustratae, quae in reliquis editionibus antehac desiderabantur ;1565-01-01 00:00;Paris;;;;;
653;1725_sacrobosco_quaestiones_1566_p65;1725;nine;Quaestiones novae in libellum de Sphaera Ioannis de Sacro Bosco ;Quaestiones novae in libellum de Sphaera Ioannis de Sacro Bosco, in gratiam studiosae iuventutis collectae ab Ariele Bicardo, et nunc denuo recognitae, figuris Mathematicis ac tabularis illustratae, quae in reliquis editionibus antehac desiderabantur ;1566-01-01 00:00;Paris;;;;;
654;1789_beyer_quaestiones_1569_p66;1789;nine;Quæstiones novae in libellum de sphæra Ioannis de Sacro Bosco ;Quæstiones novae in libellum de sphæra Ioannis de Sacro Bosco, in gratiam studiosae iuventutis collectae ab Ariele Bicardo, & nunc denuo recognitae, figuris Mathematicis ac tabulis illustratae, quae in reliquis editionibus antehac desiderabantur ;1569-01-01 00:00;Paris;;;;;
655;1790_sacrobosco_quaestiones_1571_p328;1790;nine;Quaestiones, in libellum De sphaera Ioannis de Sacro Busto ;Quaestiones. In libellum de Sphaera Ioannis de Sacro Busto, in gratiam studiosae iuventutis olim in Academia Vuitebergensi collectae: Nunc vero denuo revisae emendatae & auctae. Per M. Hartmannum Beyer ;1571-01-01 00:00;Frankfurt (Main);;;;;
656;1931_beyer_quaestiones_1573_p281;1931;nine;Quaestiones in libellum de sphaera Ioannis de Sacro Busto ;Quaestiones in libellum de sphaera Ioannis de Sacro Busto, in gratiam studiosae iuventutis olim in Academia Vvitebergensi collectae: Nunc verò denuò revisae, emendatae & auctae, Per M. Hartmannum Beyer ;1573-01-01 00:00;Wittenberg;;;;;
657;2224_cortes_arte_1596_p22;2224;nine;The Arte of Navigation ;The Arte of Navigation. Contayning a breife description of the Spheare, with the partes and Circles of the same: as also the making and use of certaine Instruments. Very necessarie for all sortes of Sea-men to unterstand. First written in Spanish by Martin Curtis, and translated into English by Richard Eden: and lastly corrected and augmented, with a Regiment or Table of declination, and divers other necessary tables and rules of common Navigation. Calculated (this yeare 1596. being leap yeare) by I. T.;1596-01-01 00:00;London;;;;;
664;2229_cortes_arte_1609_p25;2229;nine;The Arte of Navigation ;The Arte of Navigation. First written in the Spanish tongue by that excellent mariner and mathematician of these times, Martine Curtis . From thence translated into English by Richard Eden: and now newly corrected and inlarged, with many necessarie tables, rules, and instructions, for the more easie attaining to the knowledge of navigation: by John Tapp ;1609-01-01 00:00;London;;;;;
665;2222_cortes_arte_1615_p25;2222;nine;The Arte of Navigation ;The Arte of Navigation. First, written in the Spanish tongue by that Excellent Mariner and Mathematician of these times, Martine Curtis. From thence Translated into English by Richard Eden: And now newly corrected and inlarged, with many necessarie Tables, Rules, and Instructions, for the mere easie attaining to the knowledge of Navigation. By Iohn Tapp ;1615-01-01 00:00;London;;;;;
666;2228_cortes_arte_1630_p22;2228;nine;The Art of Navigation ;The Art of Navigation. First, written in the Spanish Tongue by that Excellent Marriner and Mathematician of these times, Martine Curtis. From thence Translated into English by Richard Eden: And now newly Corrected and inlarged with many necessary Tables, Rules, and Instructions, for the more easie attaining to the knowledge of Navigation. By Iohn Tap ;1630-01-01 00:00;London;;;;;